-- phpMyAdmin SQL Dump
-- version 4.7.9
-- https://www.phpmyadmin.net/
--
-- Host: 127.0.0.1
-- Generation Time: Aug 30, 2019 at 12:00 AM
-- Server version: 10.1.31-MariaDB
-- PHP Version: 7.2.3

SET SQL_MODE = "NO_AUTO_VALUE_ON_ZERO";
SET AUTOCOMMIT = 0;
START TRANSACTION;
SET time_zone = "+00:00";


/*!40101 SET @OLD_CHARACTER_SET_CLIENT=@@CHARACTER_SET_CLIENT */;
/*!40101 SET @OLD_CHARACTER_SET_RESULTS=@@CHARACTER_SET_RESULTS */;
/*!40101 SET @OLD_COLLATION_CONNECTION=@@COLLATION_CONNECTION */;
/*!40101 SET NAMES utf8mb4 */;

--
-- Database: `test`
--

-- --------------------------------------------------------

--
-- Table structure for table `customers`
--

CREATE TABLE `customers` (
  `id` bigint(20) UNSIGNED NOT NULL,
  `name` varchar(191) COLLATE utf8mb4_unicode_ci NOT NULL,
  `address` varchar(191) COLLATE utf8mb4_unicode_ci NOT NULL,
  `email` varchar(191) COLLATE utf8mb4_unicode_ci NOT NULL,
  `mobile` varchar(191) COLLATE utf8mb4_unicode_ci NOT NULL,
  `created_at` timestamp NULL DEFAULT NULL,
  `updated_at` timestamp NULL DEFAULT NULL
) ENGINE=InnoDB DEFAULT CHARSET=utf8mb4 COLLATE=utf8mb4_unicode_ci;

-- --------------------------------------------------------

--
-- Table structure for table `migrations`
--

CREATE TABLE `migrations` (
  `id` int(10) UNSIGNED NOT NULL,
  `migration` varchar(191) COLLATE utf8mb4_unicode_ci NOT NULL,
  `batch` int(11) NOT NULL
) ENGINE=InnoDB DEFAULT CHARSET=utf8mb4 COLLATE=utf8mb4_unicode_ci;

--
-- Dumping data for table `migrations`
--

INSERT INTO `migrations` (`id`, `migration`, `batch`) VALUES
(1, '2014_10_12_000000_create_users_table', 1),
(2, '2014_10_12_100000_create_password_resets_table', 1),
(3, '2019_08_25_220733_create_posts_table', 1),
(4, '2019_08_29_170545_create_products_table', 2),
(5, '2019_08_29_170642_create_reviews_table', 3),
(6, '2019_08_29_202605_create_customers_table', 3);

-- --------------------------------------------------------

--
-- Table structure for table `password_resets`
--

CREATE TABLE `password_resets` (
  `email` varchar(191) COLLATE utf8mb4_unicode_ci NOT NULL,
  `token` varchar(191) COLLATE utf8mb4_unicode_ci NOT NULL,
  `created_at` timestamp NULL DEFAULT NULL
) ENGINE=InnoDB DEFAULT CHARSET=utf8mb4 COLLATE=utf8mb4_unicode_ci;

-- --------------------------------------------------------

--
-- Table structure for table `posts`
--

CREATE TABLE `posts` (
  `id` bigint(20) UNSIGNED NOT NULL,
  `name` varchar(191) COLLATE utf8mb4_unicode_ci NOT NULL,
  `email` varchar(191) COLLATE utf8mb4_unicode_ci NOT NULL,
  `city` varchar(191) COLLATE utf8mb4_unicode_ci NOT NULL,
  `created_at` timestamp NULL DEFAULT NULL,
  `updated_at` timestamp NULL DEFAULT NULL
) ENGINE=InnoDB DEFAULT CHARSET=utf8mb4 COLLATE=utf8mb4_unicode_ci;

--
-- Dumping data for table `posts`
--

INSERT INTO `posts` (`id`, `name`, `email`, `city`, `created_at`, `updated_at`) VALUES
(1, 'Aamer SOhail', 'amersohelroot@gmail.com', 'Nanded', '2019-08-13 18:30:00', '2019-08-28 18:30:00'),
(2, 'Syed Mazhar', 'mazhar@egg.com', 'Nanded', NULL, NULL);

-- --------------------------------------------------------

--
-- Table structure for table `products`
--

CREATE TABLE `products` (
  `id` bigint(20) UNSIGNED NOT NULL,
  `name` varchar(191) COLLATE utf8mb4_unicode_ci NOT NULL,
  `desciption` text COLLATE utf8mb4_unicode_ci NOT NULL,
  `price` double NOT NULL,
  `discount` double NOT NULL,
  `stock` int(11) NOT NULL,
  `created_at` timestamp NULL DEFAULT NULL,
  `updated_at` timestamp NULL DEFAULT NULL
) ENGINE=InnoDB DEFAULT CHARSET=utf8mb4 COLLATE=utf8mb4_unicode_ci;

--
-- Dumping data for table `products`
--

INSERT INTO `products` (`id`, `name`, `desciption`, `price`, `discount`, `stock`, `created_at`, `updated_at`) VALUES
(1, 'temporibus', 'Quam libero eos voluptas et beatae ea consequuntur quasi. Laboriosam sapiente et magnam voluptatem. Debitis sed eum harum repellat magnam accusamus aut. Voluptatum id quo voluptate illo tempore.', 8676, 17, 22, '2019-08-29 16:26:32', '2019-08-29 16:26:32'),
(2, 'quis', 'Beatae magnam dolor sed nisi et non. Ratione tenetur praesentium cupiditate voluptates tempora. Quasi ducimus iusto distinctio in excepturi iure beatae. Praesentium doloremque eum repudiandae distinctio eum recusandae dicta.', 1787, 23, 45, '2019-08-29 16:26:33', '2019-08-29 16:26:33'),
(3, 'doloribus', 'Recusandae eum quaerat molestiae molestias reiciendis ut minima. Et rerum praesentium aut nulla consequatur. Perferendis suscipit eos sint et. Neque vel omnis ut non repellendus sed.', 9943, 14, 39, '2019-08-29 16:26:33', '2019-08-29 16:26:33'),
(4, 'ad', 'Officia modi nostrum a et molestiae esse nam. Placeat ratione dolore saepe veritatis. Sint exercitationem aspernatur rerum odit modi quo voluptas.', 753, 15, 66, '2019-08-29 16:26:33', '2019-08-29 16:26:33'),
(5, 'aspernatur', 'Dicta distinctio quia dolorum eligendi neque est. Quisquam non omnis laborum repudiandae. Et dolorum nam totam quam at non. Modi doloribus enim consequatur dolores doloribus.', 4672, 6, 17, '2019-08-29 16:26:33', '2019-08-29 16:26:33'),
(6, 'dolore', 'Neque porro dolorum quis. Illo enim corrupti beatae nam. Laborum debitis voluptates expedita. Eum eum natus iure sunt. Quo et id et amet nostrum eum.', 6446, 16, 75, '2019-08-29 16:26:33', '2019-08-29 16:26:33'),
(7, 'corporis', 'Et commodi neque minus ipsam non hic. Ut culpa provident nisi hic. Id architecto aut itaque accusantium dignissimos incidunt. Occaecati optio blanditiis voluptas consequuntur.', 4689, 19, 63, '2019-08-29 16:26:33', '2019-08-29 16:26:33'),
(8, 'dicta', 'Ea minus eos sed minima et unde ipsum. Alias enim quo optio praesentium libero tenetur enim. Reprehenderit quia aut voluptas quam libero voluptatem necessitatibus autem.', 7320, 4, 51, '2019-08-29 16:26:33', '2019-08-29 16:26:33'),
(9, 'molestiae', 'Quo ut dolorem laudantium fugit eius qui facere. Quia dolore quis est accusantium nesciunt. Eius unde aut molestias quas. Reprehenderit pariatur sunt quo voluptatem amet officiis quod.', 1669, 29, 10, '2019-08-29 16:26:33', '2019-08-29 16:26:33'),
(10, 'atque', 'Eum tempora animi beatae voluptatem. Quod aut sed consequatur. Totam veritatis consectetur consequatur iste porro ipsa.', 9993, 5, 4, '2019-08-29 16:26:33', '2019-08-29 16:26:33'),
(11, 'illum', 'Rem et rem qui porro officia. Aspernatur exercitationem at rerum autem animi dolores eos veritatis. Cupiditate esse voluptatem ut error cupiditate asperiores.', 1833, 30, 7, '2019-08-29 16:26:33', '2019-08-29 16:26:33'),
(12, 'a', 'Aut animi sapiente id nam vero. Accusantium reiciendis vel necessitatibus culpa. Et exercitationem at sint ut odio.', 9331, 17, 76, '2019-08-29 16:26:33', '2019-08-29 16:26:33'),
(13, 'natus', 'Aspernatur architecto id doloribus labore. Culpa ut natus consequatur voluptatem ut aspernatur. Possimus ut et libero sit nobis exercitationem eum. Molestiae incidunt hic iste repellat reprehenderit nihil.', 4968, 26, 15, '2019-08-29 16:26:33', '2019-08-29 16:26:33'),
(14, 'sit', 'Aliquid soluta dolores molestiae ab quo dicta rerum. Rerum ipsum ipsam repellat eius eos distinctio. Officia tempora pariatur ipsum consequatur placeat.', 9576, 22, 58, '2019-08-29 16:26:33', '2019-08-29 16:26:33'),
(15, 'est', 'Reiciendis labore tempora qui dolores. Sit dolore dolorem voluptatum ipsum aliquam et inventore. Et et esse sed voluptates rerum occaecati. Quis repellendus nobis mollitia ipsam ea.', 8921, 25, 19, '2019-08-29 16:26:33', '2019-08-29 16:26:33'),
(16, 'qui', 'Sunt ut ad atque. Quas est ea fuga explicabo doloribus. Eos id et sed inventore voluptatibus aut. Magnam odio nostrum dignissimos est vel pariatur neque. Soluta et rerum maiores.', 7748, 6, 46, '2019-08-29 16:26:33', '2019-08-29 16:26:33'),
(17, 'molestiae', 'Quos veritatis doloribus earum. Quae sint fugiat eos exercitationem. Est et iusto repellat ea.', 1495, 3, 98, '2019-08-29 16:26:33', '2019-08-29 16:26:33'),
(18, 'quae', 'Earum qui reiciendis impedit labore modi. Quisquam voluptate reiciendis dignissimos.', 7944, 5, 12, '2019-08-29 16:26:33', '2019-08-29 16:26:33'),
(19, 'sit', 'Optio corrupti quia nisi natus itaque doloribus qui. Enim amet quia corporis qui. Velit nesciunt quia voluptas et ut.', 4306, 29, 91, '2019-08-29 16:26:33', '2019-08-29 16:26:33'),
(20, 'corporis', 'Perspiciatis iure cumque eum nisi et illo accusantium. Ut ab accusantium inventore qui. Ullam incidunt magnam aspernatur aut quia. Provident molestiae iusto et eos aut beatae doloremque.', 6009, 9, 34, '2019-08-29 16:26:33', '2019-08-29 16:26:33'),
(21, 'aperiam', 'Iusto vel deserunt non rem ut. Sunt neque voluptatem autem quis perferendis sit. Provident ducimus similique debitis voluptatem quo. Earum delectus est nulla itaque aut velit minus.', 4542, 8, 20, '2019-08-29 16:26:33', '2019-08-29 16:26:33'),
(22, 'occaecati', 'Incidunt voluptas et minima aut enim ipsa odio incidunt. Facere dolor est sunt aut vero. Atque ut sit numquam et.', 7148, 30, 71, '2019-08-29 16:26:33', '2019-08-29 16:26:33'),
(23, 'quod', 'Doloribus eos dolorem eligendi neque. Dolorem nesciunt suscipit eum perferendis maiores omnis quasi laborum. Eius sed architecto voluptatem debitis similique velit. Repellendus voluptatibus consequatur quis suscipit eos incidunt atque.', 4557, 7, 63, '2019-08-29 16:26:33', '2019-08-29 16:26:33'),
(24, 'libero', 'Et natus nobis quos nulla ut et. Autem est tempore dignissimos porro aut porro molestiae temporibus. Placeat tempore tenetur deserunt sit quidem.', 8476, 11, 44, '2019-08-29 16:26:34', '2019-08-29 16:26:34'),
(25, 'maxime', 'Ipsum nobis modi alias nihil ad dolorum vel. Excepturi rerum voluptatem asperiores ullam. Qui omnis vero quis occaecati fugiat aliquid.', 4716, 26, 73, '2019-08-29 16:26:34', '2019-08-29 16:26:34'),
(26, 'beatae', 'Quidem quam earum et incidunt nam eius omnis. Tempore quae voluptates et nam. Et quo sed aliquid.', 2253, 4, 100, '2019-08-29 16:26:34', '2019-08-29 16:26:34'),
(27, 'et', 'Excepturi quidem qui dignissimos vitae aut. Et aliquam temporibus nostrum ut consectetur. Sit et consequatur est quasi reiciendis. Possimus enim asperiores recusandae dolorem assumenda ad.', 7014, 22, 12, '2019-08-29 16:26:34', '2019-08-29 16:26:34'),
(28, 'aut', 'Doloribus sit ut autem consectetur in. Autem non recusandae incidunt odio. Sit inventore nesciunt reiciendis molestias corporis laudantium provident. Repellendus et voluptates aut consequatur qui.', 2388, 12, 100, '2019-08-29 16:26:34', '2019-08-29 16:26:34'),
(29, 'recusandae', 'Possimus ad sit blanditiis quo in. Ratione impedit quia autem ullam fugit at. Repellendus dolorem sunt iure sequi harum impedit. Perferendis sed explicabo tempore necessitatibus voluptatem nesciunt harum.', 1356, 23, 59, '2019-08-29 16:26:34', '2019-08-29 16:26:34'),
(30, 'doloribus', 'Impedit ratione inventore nesciunt exercitationem sint ad. Rerum sapiente praesentium accusantium dolore explicabo est. Hic ut quia fugit.', 5133, 25, 65, '2019-08-29 16:26:34', '2019-08-29 16:26:34'),
(31, 'quibusdam', 'Aperiam velit quia aut. Quae impedit dolorem id ut aut quibusdam. Amet repellat inventore aut non aut.', 2317, 21, 15, '2019-08-29 16:26:34', '2019-08-29 16:26:34'),
(32, 'porro', 'Hic est nulla ut in dicta veniam. Fuga in corrupti sed illum sint neque cumque. Officia non minima blanditiis quia non.', 5868, 20, 65, '2019-08-29 16:26:34', '2019-08-29 16:26:34'),
(33, 'eos', 'Dignissimos itaque recusandae qui tempore ducimus. A consequatur amet amet vel. Est asperiores dolor et aut ullam. Deleniti magnam et nobis dolor.', 2813, 24, 67, '2019-08-29 16:26:34', '2019-08-29 16:26:34'),
(34, 'consequatur', 'Dolorem a aut corrupti sequi. Quod praesentium minima expedita est. Distinctio numquam ex a perspiciatis. Molestias qui sunt consequuntur fugit minus repudiandae veniam.', 370, 7, 63, '2019-08-29 16:26:34', '2019-08-29 16:26:34'),
(35, 'deserunt', 'Enim et impedit dicta et temporibus. Suscipit rerum facilis consequatur delectus. Magnam necessitatibus officiis nesciunt non. Nobis ratione ipsa et voluptatum.', 1008, 22, 58, '2019-08-29 16:26:34', '2019-08-29 16:26:34'),
(36, 'nesciunt', 'Eaque debitis porro molestias. Cupiditate dolores et voluptates. Qui officiis dolores ut vitae eum omnis rerum. Dolorem aut odit dolor ipsum modi dolores iusto.', 9212, 25, 37, '2019-08-29 16:26:34', '2019-08-29 16:26:34'),
(37, 'est', 'Ad voluptatum id tempore libero culpa a dolores. Harum culpa et officia molestiae. Fugiat a nobis labore. Eius consequatur quidem quia. Sunt ad doloribus et ipsam est neque.', 4744, 12, 40, '2019-08-29 16:26:34', '2019-08-29 16:26:34'),
(38, 'magnam', 'Accusamus tempora iste asperiores delectus in. Necessitatibus non in tempore. Libero quis quia sequi voluptatem nesciunt est quo. Quo quos voluptatem non non.', 3629, 14, 70, '2019-08-29 16:26:34', '2019-08-29 16:26:34'),
(39, 'enim', 'Totam delectus totam facere modi omnis. Pariatur beatae iste tenetur voluptatem asperiores ea hic.', 9667, 23, 47, '2019-08-29 16:26:34', '2019-08-29 16:26:34'),
(40, 'nisi', 'Iure natus voluptas omnis nam. Sit quia quis expedita ea laborum. Numquam impedit vero veritatis aut laudantium. Sapiente unde molestiae quia quis aut et eveniet.', 1680, 15, 57, '2019-08-29 16:26:34', '2019-08-29 16:26:34'),
(41, 'ab', 'Corporis ut quaerat aperiam aspernatur non laborum reiciendis voluptatem. Maxime quia ut deserunt sed laboriosam inventore repellendus.', 2244, 22, 69, '2019-08-29 16:26:34', '2019-08-29 16:26:34'),
(42, 'quia', 'Commodi incidunt necessitatibus qui iste. Nam consequuntur quia quaerat.', 8484, 5, 18, '2019-08-29 16:26:34', '2019-08-29 16:26:34'),
(43, 'laboriosam', 'Ipsa aut accusantium alias est aspernatur suscipit. Et dolorem sit et earum quo ducimus rerum. Eveniet non exercitationem quam voluptatum totam. Reiciendis distinctio accusamus tenetur ab voluptatem numquam laborum numquam.', 1747, 16, 74, '2019-08-29 16:26:34', '2019-08-29 16:26:34'),
(44, 'architecto', 'Ex odit consequuntur est reprehenderit non quidem rerum. Nostrum esse ab eum sapiente quis perspiciatis. Tempora voluptas est distinctio quam eos consequatur voluptatem. Quo animi laborum et dolores. Accusamus minus enim ut eaque fuga ea.', 6635, 9, 88, '2019-08-29 16:26:34', '2019-08-29 16:26:34'),
(45, 'doloribus', 'Eum natus laboriosam assumenda et. Corrupti quidem et voluptatem sed quia expedita unde. Quas possimus alias eos explicabo porro maxime. Vitae similique est sunt quae dolores doloremque vel.', 3872, 28, 58, '2019-08-29 16:26:34', '2019-08-29 16:26:34'),
(46, 'eligendi', 'Tempore dolorum deserunt quia esse dolor qui reprehenderit sint. Voluptatum porro natus fugiat et rem. Saepe amet quia qui aut nihil. Necessitatibus iste voluptas enim deleniti omnis ut.', 1972, 19, 30, '2019-08-29 16:26:34', '2019-08-29 16:26:34'),
(47, 'quo', 'Sequi esse maiores nesciunt dolor. Doloremque dicta voluptatem labore repellat pariatur sunt. Ut accusamus non repellendus expedita quam. Odio architecto placeat et dicta. Soluta aspernatur aut reprehenderit corrupti id.', 3543, 21, 98, '2019-08-29 16:26:34', '2019-08-29 16:26:34'),
(48, 'rem', 'Repellat ea quis a sed ad. Voluptate itaque odio illum quo. Et dignissimos repudiandae amet pariatur aut voluptas veritatis.', 4603, 4, 98, '2019-08-29 16:26:34', '2019-08-29 16:26:34'),
(49, 'voluptate', 'Eveniet quo quibusdam similique quidem fugit non. Est a culpa facere rerum.', 4294, 15, 54, '2019-08-29 16:26:35', '2019-08-29 16:26:35'),
(50, 'consequatur', 'Incidunt dolore possimus dignissimos aut voluptas nihil. Deserunt mollitia voluptates similique illum beatae perspiciatis.', 1277, 27, 70, '2019-08-29 16:26:35', '2019-08-29 16:26:35'),
(51, 'necessitatibus', 'Quis illum ipsam officiis. Dolorum vero quo iste ut dolor totam eos. Dolor quia nisi consequatur ut vero. Aliquid porro pariatur illum iste tenetur saepe.', 1840, 12, 71, '2019-08-29 16:26:35', '2019-08-29 16:26:35'),
(52, 'non', 'Cumque consequatur ratione voluptas rerum in aut. In dolorum qui facere alias qui aperiam. Commodi quaerat totam ut ut eum. Adipisci blanditiis temporibus omnis harum et velit eveniet.', 3549, 7, 97, '2019-08-29 16:26:35', '2019-08-29 16:26:35'),
(53, 'officia', 'Ad veniam labore aut dignissimos nesciunt exercitationem. Vero ullam iste quidem. Consectetur sint quas voluptatum quis. Velit in et exercitationem quidem dolores iste aut.', 7075, 13, 26, '2019-08-29 16:26:35', '2019-08-29 16:26:35'),
(54, 'laboriosam', 'Quisquam quia dolores possimus ipsum sed sapiente quisquam. Quaerat odio qui iure fugit. Suscipit voluptas excepturi esse odit et aliquam. Quia velit autem laborum ipsam.', 4672, 7, 72, '2019-08-29 16:26:35', '2019-08-29 16:26:35'),
(55, 'dolorem', 'Ullam quod aliquid qui dolore assumenda eum. Ex qui fugiat dolor officiis illo facere deleniti modi. Laboriosam ut molestiae eum in aperiam. Commodi necessitatibus velit hic quia ut sit iure.', 2739, 28, 72, '2019-08-29 16:26:35', '2019-08-29 16:26:35'),
(56, 'at', 'Numquam aspernatur et autem maiores ab. Quae voluptas sit magni et fuga quam consequatur. Ad quam tempora officia cupiditate itaque aut. Omnis illo cumque repellat deserunt non aut. Dolores dolor eos quibusdam corporis fuga quos.', 5542, 10, 10, '2019-08-29 16:26:35', '2019-08-29 16:26:35'),
(57, 'quo', 'Corrupti facilis et voluptate sed cum incidunt. Sunt aliquid laborum sequi ut error neque veniam. Omnis ullam est est perspiciatis consequatur perspiciatis quibusdam. Possimus et aliquid minima veritatis fugit repudiandae omnis est.', 9528, 20, 44, '2019-08-29 16:26:35', '2019-08-29 16:26:35'),
(58, 'cupiditate', 'Debitis laborum sit doloremque tenetur. Totam consequatur nam vel et. Doloribus dolores dolorem maxime iusto odit. Aut consequatur sapiente sed deleniti natus.', 9773, 3, 26, '2019-08-29 16:26:35', '2019-08-29 16:26:35'),
(59, 'vel', 'Iusto magni natus adipisci qui inventore. Odit nisi velit quo est iusto fugiat. Ut similique est ipsum et odio recusandae.', 9624, 3, 87, '2019-08-29 16:26:35', '2019-08-29 16:26:35'),
(60, 'error', 'Laborum perferendis dolores culpa laudantium. Aspernatur ducimus odio quibusdam voluptatibus ut aut. Deserunt deleniti explicabo sed consequuntur.', 1546, 10, 2, '2019-08-29 16:26:35', '2019-08-29 16:26:35'),
(61, 'recusandae', 'Fugiat enim dolorem distinctio sapiente ea. Natus laboriosam fugit omnis vel. Ad sequi culpa facilis quibusdam voluptatum mollitia ipsum et. Natus nemo quaerat est ut.', 9791, 27, 9, '2019-08-29 16:26:35', '2019-08-29 16:26:35'),
(62, 'maiores', 'Et ab nulla molestiae quia repellat. Reiciendis soluta odio nobis nam. At ex et sint blanditiis ut provident enim. Itaque saepe ut assumenda rem velit alias. Quo dolor deleniti assumenda error aliquid.', 8037, 6, 16, '2019-08-29 16:26:35', '2019-08-29 16:26:35'),
(63, 'rerum', 'Harum rem magnam unde ut id veritatis. Sapiente ipsa ipsa quaerat impedit laboriosam corrupti illo. Est fugiat aut quod reprehenderit quos. Debitis odit recusandae qui nemo veniam rem aspernatur.', 149, 24, 65, '2019-08-29 16:26:35', '2019-08-29 16:26:35'),
(64, 'fuga', 'Sit incidunt omnis nihil. Non deleniti quod voluptatibus non qui. Voluptatibus sint beatae rerum amet.', 232, 19, 77, '2019-08-29 16:26:35', '2019-08-29 16:26:35'),
(65, 'enim', 'Ratione dolor molestiae aut sint iste est qui voluptatum. Et similique tempore earum reiciendis veniam. Officia est blanditiis laudantium odit sed quas.', 9114, 30, 38, '2019-08-29 16:26:35', '2019-08-29 16:26:35'),
(66, 'voluptatem', 'Aut sint sit quia labore nulla necessitatibus fugiat. Repudiandae voluptas eum consequatur. Rerum quidem rerum saepe similique eum dolores. Aperiam ut provident voluptatibus reprehenderit fugiat.', 2728, 26, 16, '2019-08-29 16:26:35', '2019-08-29 16:26:35'),
(67, 'corporis', 'Voluptates vel quia quia. Qui et dignissimos molestiae suscipit et explicabo.', 4494, 21, 20, '2019-08-29 16:26:35', '2019-08-29 16:26:35'),
(68, 'eius', 'Quia nostrum ut iure nostrum. Ut dolor omnis neque neque perspiciatis qui.', 6457, 7, 15, '2019-08-29 16:26:35', '2019-08-29 16:26:35'),
(69, 'quos', 'Accusamus enim aut nihil odio est. Deleniti et possimus iure facilis. Illo ad itaque debitis voluptas. Sed quia perspiciatis aut.', 3059, 7, 17, '2019-08-29 16:26:35', '2019-08-29 16:26:35'),
(70, 'quia', 'Non voluptatem illum cupiditate voluptatem numquam et facere officiis. Molestias ullam voluptatem distinctio. Sint animi omnis enim ratione. Saepe dolorem omnis deserunt possimus quis.', 3785, 17, 91, '2019-08-29 16:26:35', '2019-08-29 16:26:35'),
(71, 'voluptatum', 'Consequatur placeat enim consectetur occaecati nam. Ipsa voluptate voluptatem necessitatibus soluta. Quam voluptatem sed quo et est. Et exercitationem corporis iusto quasi.', 873, 19, 53, '2019-08-29 16:26:35', '2019-08-29 16:26:35'),
(72, 'dolor', 'Autem possimus deserunt voluptatem aut quam sint id. Alias rerum fugiat facilis. Laudantium nobis consequuntur velit.', 8234, 18, 79, '2019-08-29 16:26:36', '2019-08-29 16:26:36'),
(73, 'natus', 'Et earum repellendus at. Omnis accusamus magni corrupti dolorum officiis expedita corrupti consequatur. Voluptatem perferendis unde autem rerum maxime blanditiis. Quia odit adipisci dolorem ut eos in.', 2237, 8, 97, '2019-08-29 16:26:36', '2019-08-29 16:26:36'),
(74, 'ut', 'Saepe error quidem sunt molestiae temporibus. Libero dolorem aut cum omnis corporis nemo omnis.', 10, 6, 5, '2019-08-29 16:26:36', '2019-08-29 16:26:36'),
(75, 'molestiae', 'Odio nobis dolorem eos quia ipsa ipsa rerum non. Dolorem nisi repellendus ut quis sit quam. Et placeat tempore nesciunt dolor in est. Quia est assumenda magnam. Vitae corporis beatae voluptatum suscipit nam porro earum.', 291, 6, 27, '2019-08-29 16:26:36', '2019-08-29 16:26:36'),
(76, 'corporis', 'Ea dolorem recusandae commodi voluptas corporis aut adipisci. Sint dolor sit error. Dolorum at suscipit eos. Est velit inventore ut tenetur rem. Id et natus atque repellendus dolores ut blanditiis aut.', 205, 28, 21, '2019-08-29 16:26:36', '2019-08-29 16:26:36'),
(77, 'sint', 'Consequatur et nihil repellat quae iusto. Quia corrupti provident at inventore est ea.', 1511, 15, 6, '2019-08-29 16:26:36', '2019-08-29 16:26:36'),
(78, 'nobis', 'Voluptatibus est animi voluptate voluptatem expedita itaque. Rerum beatae ipsum porro ea et illum. Sapiente molestiae non tempore error ut. Laudantium consectetur atque quae quas quia hic in.', 7550, 4, 9, '2019-08-29 16:26:36', '2019-08-29 16:26:36'),
(79, 'non', 'Ut cupiditate voluptatem in maiores. Officiis debitis illum in neque dolorem earum. Nisi non et repudiandae non.', 5514, 7, 73, '2019-08-29 16:26:36', '2019-08-29 16:26:36'),
(80, 'ea', 'Et itaque est eveniet. Enim quae doloremque est alias enim. Dignissimos consequuntur ad atque ut sunt. Nulla perspiciatis commodi ut eum neque qui sed cumque.', 6202, 27, 99, '2019-08-29 16:26:36', '2019-08-29 16:26:36'),
(81, 'consequatur', 'Quasi non eaque soluta est dolore. Magni ea numquam et expedita sit. Ut aliquam occaecati quibusdam aut. Eum aut totam ea non.', 1128, 13, 62, '2019-08-29 16:26:36', '2019-08-29 16:26:36'),
(82, 'ut', 'Vel aperiam natus dolorem quae consequatur ab dolores. Voluptatem assumenda perferendis est. Eius tenetur quis expedita vitae dicta occaecati.', 3776, 5, 90, '2019-08-29 16:26:36', '2019-08-29 16:26:36'),
(83, 'dolorem', 'Aliquid recusandae perspiciatis recusandae illo vero laboriosam dicta et. Ea distinctio officia praesentium numquam. Cumque nostrum corporis adipisci temporibus quia qui pariatur excepturi. Voluptatibus beatae perspiciatis occaecati aliquam.', 461, 8, 77, '2019-08-29 16:26:36', '2019-08-29 16:26:36'),
(84, 'amet', 'Voluptatem eius beatae quo non magnam rerum fugit. Est maiores illum repudiandae tempore. Occaecati doloribus eaque dolor blanditiis. Sint laborum ipsum sit.', 1910, 17, 23, '2019-08-29 16:26:36', '2019-08-29 16:26:36'),
(85, 'dolorum', 'Et in eveniet accusamus provident voluptatem reiciendis. Enim numquam quasi omnis totam. Non unde voluptatem consequatur nam deleniti. Autem delectus recusandae omnis voluptatem corporis ut.', 18, 7, 37, '2019-08-29 16:26:36', '2019-08-29 16:26:36'),
(86, 'sapiente', 'Eum nihil enim omnis quisquam culpa modi consectetur. Dolorem accusantium rerum quidem sunt autem occaecati doloremque. Quam incidunt impedit tempore provident voluptas.', 9048, 30, 7, '2019-08-29 16:26:36', '2019-08-29 16:26:36'),
(87, 'dolorum', 'Nam vel nostrum aperiam. At ut neque maxime eum.', 3655, 11, 100, '2019-08-29 16:26:36', '2019-08-29 16:26:36'),
(88, 'eveniet', 'Hic laborum sit magnam voluptates fuga dolore. Inventore et eveniet dignissimos est officia consequatur autem. Atque aut assumenda laudantium quia et numquam.', 6787, 16, 45, '2019-08-29 16:26:36', '2019-08-29 16:26:36'),
(89, 'qui', 'Voluptas nesciunt tempora dignissimos. Vel soluta adipisci autem aspernatur sapiente enim. Repellat voluptatem sit qui ad. Esse minima ipsa quaerat cumque.', 2938, 16, 84, '2019-08-29 16:26:36', '2019-08-29 16:26:36'),
(90, 'ad', 'Omnis architecto esse velit perferendis rerum nam. Voluptas fugiat porro nostrum labore. Nihil nostrum quidem dolorem. Aliquid ab quidem sint qui.', 9910, 24, 37, '2019-08-29 16:26:36', '2019-08-29 16:26:36'),
(91, 'id', 'Quia et ut tempore molestiae deleniti vel consectetur. Debitis vel ut voluptatibus commodi temporibus. Quis veritatis sit rem. Asperiores quis necessitatibus qui sed aspernatur ratione voluptatem.', 1679, 3, 39, '2019-08-29 16:26:36', '2019-08-29 16:26:36'),
(92, 'sunt', 'Qui dolor autem ullam est vero. Nesciunt repellendus a ut aut. In iusto deleniti aliquam aut voluptas quod. Ipsum nihil provident qui porro.', 1053, 4, 11, '2019-08-29 16:26:36', '2019-08-29 16:26:36'),
(93, 'aut', 'Sed quia expedita fuga. Iure ducimus cum aliquid nemo beatae. Doloribus rerum sed numquam est et impedit sint.', 5542, 3, 24, '2019-08-29 16:26:36', '2019-08-29 16:26:36'),
(94, 'quidem', 'Reprehenderit ut et rem quidem a. Minima blanditiis suscipit sit porro illo nesciunt corrupti. Velit ut non perferendis.', 3963, 11, 55, '2019-08-29 16:26:36', '2019-08-29 16:26:36'),
(95, 'autem', 'Dolores sint saepe eos repudiandae nihil quod illum et. Aut nulla quod totam et.', 4726, 11, 99, '2019-08-29 16:26:36', '2019-08-29 16:26:36'),
(96, 'quasi', 'Impedit excepturi officia voluptas vel dignissimos dolores consequatur. Deserunt debitis sunt labore aut. Dolore nihil doloremque et dolorem non qui. Eum nobis et aut consequatur.', 7711, 23, 88, '2019-08-29 16:26:36', '2019-08-29 16:26:36'),
(97, 'et', 'Quo distinctio similique velit saepe. Expedita laboriosam sit expedita. Dolorum aut et doloribus rerum sunt et et. Libero inventore veniam quis sint.', 5290, 6, 46, '2019-08-29 16:26:36', '2019-08-29 16:26:36'),
(98, 'in', 'Praesentium similique facere illum laborum quas sint. Id neque omnis ea. Ipsa officia quia officia minus placeat vitae.', 7531, 7, 17, '2019-08-29 16:26:36', '2019-08-29 16:26:36'),
(99, 'inventore', 'Est quas ipsam natus et adipisci dolor. Est rerum et et voluptas aut beatae. Nam et ipsum minus minima vel dolor et. Sit iste quis ullam doloribus occaecati.', 2279, 25, 34, '2019-08-29 16:26:36', '2019-08-29 16:26:36'),
(100, 'perspiciatis', 'Labore corrupti dicta ea. Minus eaque et aut nihil nulla. Exercitationem dolorem placeat animi quisquam. Ipsam vel illum consequatur molestiae incidunt itaque ex deleniti. Ratione voluptas in unde iure tempore non voluptatem.', 6647, 19, 90, '2019-08-29 16:26:37', '2019-08-29 16:26:37');

-- --------------------------------------------------------

--
-- Table structure for table `reviews`
--

CREATE TABLE `reviews` (
  `id` bigint(20) UNSIGNED NOT NULL,
  `product_id` bigint(20) UNSIGNED NOT NULL,
  `customer` varchar(191) COLLATE utf8mb4_unicode_ci NOT NULL,
  `review` text COLLATE utf8mb4_unicode_ci NOT NULL,
  `star` int(11) NOT NULL,
  `created_at` timestamp NULL DEFAULT NULL,
  `updated_at` timestamp NULL DEFAULT NULL
) ENGINE=InnoDB DEFAULT CHARSET=utf8mb4 COLLATE=utf8mb4_unicode_ci;

--
-- Dumping data for table `reviews`
--

INSERT INTO `reviews` (`id`, `product_id`, `customer`, `review`, `star`, `created_at`, `updated_at`) VALUES
(1, 16, 'Prince Kilback', 'Quo reiciendis sunt eos qui doloribus dolorem. Debitis ab ratione ut nobis. Ipsa voluptatem recusandae harum fuga veritatis itaque ipsum inventore. Nulla dolor aspernatur sed enim ut necessitatibus illo.', 2, '2019-08-29 16:26:37', '2019-08-29 16:26:37'),
(2, 65, 'Mrs. Bailee Wolff IV', 'Et ut impedit aut voluptas nihil est laboriosam. Quam eveniet est fugit. Ad dolor doloribus natus doloremque aliquid voluptatem.', 5, '2019-08-29 16:26:37', '2019-08-29 16:26:37'),
(3, 26, 'Madyson Donnelly', 'Earum est reiciendis consectetur error eum odit qui. Ut rem ipsum laudantium voluptatem a iste. Cupiditate ea cumque laboriosam numquam.', 2, '2019-08-29 16:26:38', '2019-08-29 16:26:38'),
(4, 10, 'Mr. Moises Haley', 'Accusantium occaecati sunt similique ut sunt. Quas et delectus similique suscipit consequuntur maxime dolores. Deleniti quia beatae quos corporis ipsam omnis. Labore voluptatem ipsam asperiores.', 2, '2019-08-29 16:26:38', '2019-08-29 16:26:38'),
(5, 61, 'Kellen Franecki IV', 'Dolorem error eaque saepe neque qui ut vel ipsa. Et tempora quia error est modi. Rerum eaque at excepturi sit. Laudantium esse officiis iusto aspernatur sit est.', 1, '2019-08-29 16:26:38', '2019-08-29 16:26:38'),
(6, 63, 'Cary Mann', 'Ipsam neque magni ea in aut sint est. Voluptas dolor ut iure quia corporis quo. Architecto sit cumque nihil et nihil. Consequatur soluta reprehenderit sit minima quia.', 3, '2019-08-29 16:26:38', '2019-08-29 16:26:38'),
(7, 94, 'Lyric Kirlin', 'Suscipit id officiis praesentium tempore qui a. Tenetur qui aperiam nihil quae. Ipsam perferendis distinctio alias optio neque officiis unde et. Ut quibusdam a laudantium sed sit.', 5, '2019-08-29 16:26:38', '2019-08-29 16:26:38'),
(8, 8, 'Chad Donnelly', 'Nam unde eaque et quibusdam nisi nesciunt officia. Corrupti officiis inventore eum esse. Aperiam nulla nihil officia cum. Quia perferendis delectus odit iusto dolor asperiores.', 1, '2019-08-29 16:26:38', '2019-08-29 16:26:38'),
(9, 71, 'Dr. Nona Weissnat', 'Omnis nihil dolorem voluptates sapiente neque. Id ut nulla doloribus ut ad quo qui. Nostrum ratione sed voluptatem accusamus. Veritatis officiis beatae et nesciunt ad iure aliquam.', 2, '2019-08-29 16:26:38', '2019-08-29 16:26:38'),
(10, 27, 'Mr. Kareem Douglas', 'Modi a quis earum impedit neque magni dolores. Saepe delectus autem in quasi. Ut dicta nulla nihil sed repellendus repellat inventore dolor.', 5, '2019-08-29 16:26:38', '2019-08-29 16:26:38'),
(11, 1, 'Heath Homenick DDS', 'Ea nemo nobis quidem aut eos quia nemo. Temporibus debitis error iure distinctio ipsum quos laudantium. Sed natus sint repellat dolorem deleniti et.', 1, '2019-08-29 16:26:38', '2019-08-29 16:26:38'),
(12, 36, 'Nona Dare DDS', 'Quia quae molestias eveniet architecto est. Qui corrupti veniam facere. Aut sint beatae qui voluptates et tempore. Repellat perspiciatis doloribus et repellendus ducimus voluptas.', 3, '2019-08-29 16:26:38', '2019-08-29 16:26:38'),
(13, 4, 'Joel Romaguera MD', 'Sit adipisci dolorem perferendis veniam qui. Ut est eos aut nesciunt. Reprehenderit et et deleniti.', 4, '2019-08-29 16:26:38', '2019-08-29 16:26:38'),
(14, 15, 'Furman Schuppe', 'Aut doloribus et accusantium. Magni qui incidunt sit doloribus. Voluptatem sed qui alias. Vitae ad blanditiis expedita earum ea itaque.', 3, '2019-08-29 16:26:38', '2019-08-29 16:26:38'),
(15, 32, 'Jackeline Luettgen MD', 'Qui dicta inventore nesciunt quasi illum. Odit occaecati quia eius molestiae mollitia et atque. Alias quas dolor est autem et soluta reiciendis. Harum maiores est maxime a.', 0, '2019-08-29 16:26:38', '2019-08-29 16:26:38'),
(16, 82, 'Burdette Swift MD', 'Odio quia deserunt eum aut unde nam magni. Deserunt tempore iure accusamus amet veniam non. Dolores sit laborum et nemo blanditiis labore. Ipsam eius repellendus voluptatem neque.', 0, '2019-08-29 16:26:38', '2019-08-29 16:26:38'),
(17, 39, 'Mona Hudson', 'Culpa voluptates quisquam eveniet totam. Maxime quibusdam doloribus officiis repellat sint. Cumque libero sunt rerum omnis quasi ratione. Id fugit in inventore quasi omnis. Expedita libero et possimus delectus aut sint id.', 1, '2019-08-29 16:26:38', '2019-08-29 16:26:38'),
(18, 8, 'Estella Price', 'Commodi perspiciatis id et eligendi modi culpa consequatur. Modi nulla nihil laudantium error magni cupiditate nobis. Illo fuga suscipit aut voluptas.', 4, '2019-08-29 16:26:38', '2019-08-29 16:26:38'),
(19, 20, 'Ida Baumbach', 'Molestiae voluptatem ut cupiditate qui. Occaecati nam blanditiis id consequatur occaecati ipsa est. Eius et quo doloremque id.', 2, '2019-08-29 16:26:38', '2019-08-29 16:26:38'),
(20, 38, 'Felicita Ward', 'Rerum aut amet minus cum accusantium nemo. Sint beatae dignissimos laboriosam ab. Ab consectetur vel et minima dolor voluptatem deserunt quam.', 1, '2019-08-29 16:26:38', '2019-08-29 16:26:38'),
(21, 76, 'Prof. Tianna Terry Sr.', 'Occaecati officiis eum quo esse sit voluptatibus. Aperiam rerum recusandae architecto impedit suscipit. Perferendis ipsum et aut autem eveniet. Sint molestiae aperiam sed.', 5, '2019-08-29 16:26:38', '2019-08-29 16:26:38'),
(22, 25, 'Tyra Gerlach', 'Quasi quia repellendus et perferendis unde consequatur. Velit dolor qui rem aliquid. Id magni molestiae sequi error. Unde quia id est in natus voluptatum corporis.', 3, '2019-08-29 16:26:38', '2019-08-29 16:26:38'),
(23, 67, 'Dr. Juana Bradtke III', 'Sapiente aliquid fugit id officia consequatur ducimus. Laudantium voluptate natus mollitia.', 2, '2019-08-29 16:26:38', '2019-08-29 16:26:38'),
(24, 60, 'Orlo Strosin', 'Iste odit harum maiores ipsa accusantium. Cupiditate fugiat esse vero. Sapiente ad est omnis tempora delectus quis. Eius perspiciatis sunt quasi at.', 0, '2019-08-29 16:26:38', '2019-08-29 16:26:38'),
(25, 88, 'Ronaldo Zulauf', 'Et necessitatibus mollitia omnis qui voluptas libero. Veritatis et ex qui natus quasi porro dolore id. Ipsa neque veritatis qui quo fuga adipisci.', 2, '2019-08-29 16:26:38', '2019-08-29 16:26:38'),
(26, 50, 'Ezequiel Jenkins', 'Numquam optio et voluptatum quibusdam. Pariatur repudiandae ipsum est non. Debitis officiis repellat accusantium molestiae nihil.', 4, '2019-08-29 16:26:38', '2019-08-29 16:26:38'),
(27, 52, 'Timothy Ritchie', 'Dolor dolorem nisi voluptas. Velit odio et et maxime veniam. Expedita officia ut est tenetur. Sit hic quo accusantium quia rerum repellat. Excepturi dolor ex tempora voluptatibus nemo.', 2, '2019-08-29 16:26:38', '2019-08-29 16:26:38'),
(28, 56, 'Westley McKenzie', 'Id et repellat porro quis rem. Laborum officiis repellendus aut. Et totam nostrum libero.', 3, '2019-08-29 16:26:38', '2019-08-29 16:26:38'),
(29, 9, 'Bret Green', 'Officia nihil sint est atque rem officia ratione. Dolorem nam alias minima sint. Adipisci esse vel sit. Iusto illo et aspernatur voluptatem enim consequatur ab et.', 1, '2019-08-29 16:26:38', '2019-08-29 16:26:38'),
(30, 14, 'Dr. Curt Koch Sr.', 'Nihil fugiat quis eligendi commodi dolor. Quisquam incidunt aspernatur suscipit. Pariatur porro esse vero ullam id velit necessitatibus. Qui nihil quos voluptas.', 2, '2019-08-29 16:26:38', '2019-08-29 16:26:38'),
(31, 41, 'Tess McCullough V', 'Voluptatem corrupti eum veritatis voluptas temporibus voluptatem vitae. Quia et sunt quia rerum quis vel. Perferendis non aut occaecati sit.', 0, '2019-08-29 16:26:39', '2019-08-29 16:26:39'),
(32, 52, 'Mrs. Shanna Emmerich Sr.', 'Ipsum eos molestiae delectus eaque et. Provident placeat natus cumque molestiae.', 1, '2019-08-29 16:26:39', '2019-08-29 16:26:39'),
(33, 83, 'Mr. Charlie Christiansen II', 'Quas beatae velit iusto similique et minus est. Sint laboriosam cum ea. Ipsa voluptatibus molestias ipsum debitis et. Qui in ex error. Dicta laboriosam ea libero ducimus et.', 2, '2019-08-29 16:26:39', '2019-08-29 16:26:39'),
(34, 98, 'Prof. Jameson Schoen', 'Pariatur praesentium similique enim temporibus aspernatur. Dicta est occaecati rem facilis voluptatem eos. Sed delectus autem beatae fugiat dolor quibusdam a. Aliquam ut quam voluptatem recusandae.', 0, '2019-08-29 16:26:39', '2019-08-29 16:26:39'),
(35, 36, 'Clint Kessler', 'Occaecati cumque qui nostrum. Veniam soluta maxime laboriosam est et assumenda perspiciatis. Autem doloribus consequuntur iure nesciunt ut.', 5, '2019-08-29 16:26:39', '2019-08-29 16:26:39'),
(36, 7, 'Patrick Baumbach MD', 'Facere quasi inventore ab quod est sunt aut. Nobis itaque quaerat non. Omnis pariatur ipsum ut laborum quis necessitatibus nihil. Temporibus eum occaecati sed laudantium nihil.', 5, '2019-08-29 16:26:39', '2019-08-29 16:26:39'),
(37, 38, 'Mrs. Krystina Jakubowski', 'Quas officia dolore dolores veniam cupiditate reprehenderit. Quo omnis quam alias laborum dolores provident. Enim ducimus magni consectetur in eius omnis veniam.', 0, '2019-08-29 16:26:39', '2019-08-29 16:26:39'),
(38, 54, 'Prof. Jaylin Hettinger', 'Suscipit fugiat itaque aut ullam vel. Dolor id qui ea. Assumenda mollitia tempore quis est ullam. Quas saepe eligendi reiciendis quas accusamus vel architecto.', 2, '2019-08-29 16:26:39', '2019-08-29 16:26:39'),
(39, 44, 'Evan Littel', 'Dolor maiores adipisci harum non. Ut expedita consequatur temporibus praesentium pariatur voluptates. Ex quidem consequatur saepe esse. Praesentium saepe laborum impedit natus.', 1, '2019-08-29 16:26:39', '2019-08-29 16:26:39'),
(40, 8, 'Evan Considine III', 'Voluptas aut iste ullam. Consequuntur quidem nulla exercitationem dolorem molestiae expedita. Laboriosam voluptas ipsa modi id et. Maxime sint rem eos eos.', 1, '2019-08-29 16:26:39', '2019-08-29 16:26:39'),
(41, 54, 'Brent Sanford', 'Repudiandae nam excepturi ea esse officiis. Totam voluptas amet dolorum et ea commodi reprehenderit. Deserunt iste eveniet quae aut.', 1, '2019-08-29 16:26:39', '2019-08-29 16:26:39'),
(42, 30, 'Ramona Bradtke', 'Est non ut laudantium rerum autem omnis. Architecto quaerat corporis molestiae eligendi aut autem. Minima quia aut rerum ut.', 3, '2019-08-29 16:26:39', '2019-08-29 16:26:39'),
(43, 86, 'Ardella Fay', 'Voluptatem hic ut sunt. Non eligendi quia vitae quia. Dolorem molestiae qui et unde ex cum non. Laudantium aut voluptas placeat aut eos aut.', 5, '2019-08-29 16:26:39', '2019-08-29 16:26:39'),
(44, 35, 'Helena Koepp', 'Eos sit eos delectus. Distinctio omnis modi sed facere vitae commodi sunt. Voluptates aliquam quia distinctio quaerat non dolorem dolores.', 3, '2019-08-29 16:26:39', '2019-08-29 16:26:39'),
(45, 64, 'Ezra Skiles', 'Provident autem repellat sunt atque quod illum. Nulla voluptatibus sunt maiores voluptatem. Non temporibus itaque ad nesciunt quidem. Sed quasi eveniet nulla eos iusto omnis.', 4, '2019-08-29 16:26:39', '2019-08-29 16:26:39'),
(46, 31, 'Westley Tromp', 'Ipsa molestias eos rerum assumenda hic nulla soluta. Praesentium nostrum quasi et sequi veniam nostrum voluptas et. Ut quasi ratione eum rerum in quia.', 4, '2019-08-29 16:26:39', '2019-08-29 16:26:39'),
(47, 90, 'Mackenzie Parisian V', 'Reiciendis consequatur praesentium odit qui. Sunt corporis et aut accusantium cupiditate velit accusantium. Et repellendus et eligendi a nesciunt.', 5, '2019-08-29 16:26:39', '2019-08-29 16:26:39'),
(48, 62, 'Lyda Collier', 'Et aut autem ea numquam molestiae. Ipsum sit recusandae velit est aut blanditiis quos unde. Quo ex at ratione sed. Recusandae tempore non eos fugiat molestiae consequatur adipisci.', 5, '2019-08-29 16:26:39', '2019-08-29 16:26:39'),
(49, 68, 'Seth Hahn', 'Voluptatem beatae voluptas non cum. Minus dolorem sit eaque voluptate. Illo sit velit aut sit.', 5, '2019-08-29 16:26:39', '2019-08-29 16:26:39'),
(50, 47, 'Mr. Skye Bergstrom MD', 'Id non est ut ad quia. Quibusdam maxime ducimus similique. Quas consequatur ea velit ut rem dolorum amet.', 0, '2019-08-29 16:26:39', '2019-08-29 16:26:39'),
(51, 24, 'Holden Yundt', 'Facere repellat eaque tempore sit labore eius at. Odit rerum possimus officiis similique ratione in sed aut. In eos aperiam voluptatum omnis assumenda error amet.', 5, '2019-08-29 16:26:39', '2019-08-29 16:26:39'),
(52, 13, 'Adeline Mann', 'Fuga expedita voluptatibus quidem reiciendis dignissimos dolor quia. Dolorem facere illum ratione. Voluptatibus at voluptatem ab est impedit.', 5, '2019-08-29 16:26:39', '2019-08-29 16:26:39'),
(53, 93, 'Belle Hoeger', 'Sit ut voluptatem qui ipsam. Iure et qui tempora dolor minus et necessitatibus. Enim quos maiores iste voluptas nam esse. Distinctio qui reprehenderit aut quas.', 4, '2019-08-29 16:26:39', '2019-08-29 16:26:39'),
(54, 35, 'Pierce Metz MD', 'Iure voluptatem nulla autem molestiae exercitationem minus. Fugiat rerum optio sint modi temporibus itaque facere aut. Quia odit quae impedit expedita vel nesciunt.', 4, '2019-08-29 16:26:39', '2019-08-29 16:26:39'),
(55, 64, 'Krystel Stark III', 'Incidunt autem dolorem dolorum omnis. Autem quasi numquam qui neque nulla ad. Et velit rerum non. Quaerat repellat nulla sunt incidunt laboriosam non eos. Repellendus inventore iste blanditiis rerum nulla ut.', 3, '2019-08-29 16:26:39', '2019-08-29 16:26:39'),
(56, 85, 'Mr. Hilton Rempel', 'Distinctio neque voluptatum reprehenderit accusantium rerum explicabo. Aut autem dolorem et.', 2, '2019-08-29 16:26:39', '2019-08-29 16:26:39'),
(57, 81, 'Dr. Raoul Moen', 'Unde molestias laborum enim voluptatem a quibusdam molestiae. Minima earum culpa quaerat occaecati est.', 4, '2019-08-29 16:26:39', '2019-08-29 16:26:39'),
(58, 85, 'Sheila Pagac', 'Sapiente non nisi eum fugiat voluptas voluptate. Aut ut aliquam quia expedita. Ipsam dolores voluptas reiciendis facere.', 1, '2019-08-29 16:26:39', '2019-08-29 16:26:39'),
(59, 47, 'Destany Reynolds', 'Modi necessitatibus sunt reprehenderit ea. Enim sunt quod accusantium nihil ut ut. Laudantium alias aut reprehenderit laborum et. Culpa et dolor quasi maiores nulla.', 1, '2019-08-29 16:26:39', '2019-08-29 16:26:39'),
(60, 44, 'Bruce Boyer V', 'Dolores omnis aut maiores. Consectetur similique optio nesciunt et et nihil deserunt. Qui doloribus molestiae aliquid delectus. Repellat qui quam cumque quis officia. Assumenda accusamus et quia non aut incidunt et.', 3, '2019-08-29 16:26:40', '2019-08-29 16:26:40'),
(61, 91, 'Krystina Hartmann', 'Rerum ullam possimus ea rerum eaque. Et est vel quisquam nobis quia. Autem fugit deserunt sapiente amet et perspiciatis qui.', 5, '2019-08-29 16:26:40', '2019-08-29 16:26:40'),
(62, 35, 'Wilmer Ortiz', 'Atque sapiente quis eveniet nesciunt. Harum qui occaecati perferendis. At aut voluptatem accusamus quae.', 1, '2019-08-29 16:26:40', '2019-08-29 16:26:40'),
(63, 22, 'Westley Larkin', 'Earum ut est nemo et qui aut aut dolores. Commodi enim minus doloribus qui qui ut. Dicta et vero molestiae non.', 4, '2019-08-29 16:26:40', '2019-08-29 16:26:40'),
(64, 54, 'Mr. Eriberto White', 'Expedita est aut laborum quisquam. Eos est nesciunt dolores sunt eaque.', 2, '2019-08-29 16:26:40', '2019-08-29 16:26:40'),
(65, 100, 'Leonie Davis Jr.', 'Iure quo quibusdam aperiam eos. Sed aliquam tenetur quis officia quo eveniet. Similique dolores rem esse commodi dolorum beatae.', 0, '2019-08-29 16:26:40', '2019-08-29 16:26:40'),
(66, 75, 'Miss Lydia Carroll IV', 'Iusto ea aut rerum dolor ut ad deserunt quia. Minus molestias eius sit autem. Ex non est eius consectetur voluptatum. Voluptatibus qui quia quidem doloribus sit quia. Unde sapiente cum quia pariatur et.', 2, '2019-08-29 16:26:40', '2019-08-29 16:26:40'),
(67, 3, 'Prof. Camila Pollich MD', 'Similique est eos voluptatem voluptatem voluptas cupiditate qui et. Maxime vel et omnis qui qui aliquid ab. Qui dolorem dolor fugiat facere et velit perspiciatis. Sequi officiis quasi hic pariatur.', 4, '2019-08-29 16:26:40', '2019-08-29 16:26:40'),
(68, 58, 'Brennon Mayert V', 'Dignissimos dolor impedit recusandae tenetur explicabo vel et. Quam nobis ab mollitia odio ea et atque. Deleniti autem nihil quo esse. Laboriosam deserunt aut maiores explicabo.', 1, '2019-08-29 16:26:40', '2019-08-29 16:26:40'),
(69, 27, 'Michael Schamberger I', 'Esse voluptate non delectus laudantium. Consequatur consequuntur ea tenetur consectetur pariatur in nostrum. Ullam perspiciatis porro sunt quia vitae. Sunt voluptas sed libero sit.', 2, '2019-08-29 16:26:40', '2019-08-29 16:26:40'),
(70, 64, 'Chester Armstrong II', 'Error quis odit quibusdam. Distinctio nihil tempore iste blanditiis. Ex enim beatae provident unde doloremque sunt.', 3, '2019-08-29 16:26:40', '2019-08-29 16:26:40'),
(71, 74, 'Prof. Nigel Feest', 'Quas impedit est harum amet occaecati ea. Quas rem sint aut consequatur distinctio ratione repellendus. Ad dignissimos aut recusandae omnis enim vel. Dolores recusandae libero voluptatem sed atque sint.', 3, '2019-08-29 16:26:40', '2019-08-29 16:26:40'),
(72, 67, 'Esmeralda O\'Kon II', 'Aut vel nam eveniet quae minus similique. Illo quae et dicta eos. Debitis maiores illum corporis necessitatibus quidem explicabo. A voluptatem earum in voluptas quia deserunt.', 3, '2019-08-29 16:26:40', '2019-08-29 16:26:40'),
(73, 56, 'Juston Cummings Sr.', 'Adipisci officia accusamus ea eos. Reiciendis blanditiis amet officia beatae voluptate. Repudiandae quia maiores nobis eaque autem quod eligendi. Rem rerum est ea et similique sit.', 4, '2019-08-29 16:26:40', '2019-08-29 16:26:40'),
(74, 38, 'Maurice McGlynn', 'Tempora hic odio error beatae. Ut soluta eligendi rerum voluptates. Hic tempore ad recusandae quis.', 5, '2019-08-29 16:26:40', '2019-08-29 16:26:40'),
(75, 22, 'Alphonso Zieme Jr.', 'Ex deleniti et quaerat perferendis. Deleniti repellat cumque non est commodi rem odit et. Modi facere quod animi porro architecto. Sunt eum voluptas libero fuga.', 3, '2019-08-29 16:26:40', '2019-08-29 16:26:40'),
(76, 99, 'Tavares Greenholt', 'Recusandae eos quae ut ut. Alias qui facilis nisi aut. Sed velit est nobis reprehenderit.', 2, '2019-08-29 16:26:40', '2019-08-29 16:26:40'),
(77, 17, 'Lamar VonRueden', 'Et et dolorem ut voluptatum et nesciunt magnam. Quaerat consequatur ad ea ipsam qui natus quo. Maiores facilis voluptas sed.', 3, '2019-08-29 16:26:40', '2019-08-29 16:26:40'),
(78, 100, 'Jade Gerlach', 'Dolorem et sed et expedita aut. Odio nemo at aut laudantium. Consequatur ea eligendi possimus eveniet molestiae. Incidunt quam molestiae laudantium autem consequatur.', 1, '2019-08-29 16:26:40', '2019-08-29 16:26:40'),
(79, 89, 'Mable Kunde', 'Et molestias rerum et repellat mollitia et nemo vel. Provident qui incidunt ipsam quis. Aut ut impedit aut voluptatem.', 5, '2019-08-29 16:26:40', '2019-08-29 16:26:40'),
(80, 18, 'Jerrell Conroy I', 'Dolor deleniti sunt cumque eveniet sunt ea quia earum. Deleniti quisquam ad quaerat repellat molestiae recusandae esse. Iste quam odit molestiae vero. Voluptas suscipit nihil aut distinctio mollitia.', 3, '2019-08-29 16:26:40', '2019-08-29 16:26:40'),
(81, 55, 'Mrs. Norma Kutch', 'Labore voluptatem accusantium qui est consequuntur labore error voluptas. Porro odio aspernatur maiores rerum. Dolores beatae magni autem reiciendis inventore omnis ipsam. Quaerat sed facilis quasi.', 4, '2019-08-29 16:26:40', '2019-08-29 16:26:40'),
(82, 65, 'Newell Mertz', 'Placeat ut rerum sed amet quia quis quaerat. Ipsam inventore inventore optio officiis. Neque incidunt eum ipsum vel.', 0, '2019-08-29 16:26:40', '2019-08-29 16:26:40'),
(83, 77, 'Dasia Nikolaus', 'Pariatur amet ut debitis maiores tenetur. Sapiente voluptatum est id consequuntur. Eveniet qui nihil sunt cum. Alias laudantium provident beatae veniam consequatur in porro. Explicabo at eaque fugit esse.', 5, '2019-08-29 16:26:40', '2019-08-29 16:26:40'),
(84, 9, 'Julien Heathcote', 'Cupiditate qui nulla error aut officiis numquam. Et et dolorum perspiciatis. Rerum nihil et architecto nisi dolorum quibusdam nihil. Adipisci assumenda corrupti et minima ut vero iure dolorem. Quos voluptatibus aut temporibus fugiat molestiae ut dolores.', 2, '2019-08-29 16:26:40', '2019-08-29 16:26:40'),
(85, 35, 'Hans Kuhlman', 'Non quod reprehenderit id vel sed vel. Omnis dolorem illum reprehenderit accusamus. Est ipsam aut unde natus natus necessitatibus nulla aperiam.', 1, '2019-08-29 16:26:40', '2019-08-29 16:26:40'),
(86, 94, 'Nola Ullrich DDS', 'Quos illo inventore quis rerum soluta aut dignissimos harum. Id rerum eius debitis velit omnis consectetur asperiores. Dolorum aspernatur aut consequuntur sint.', 2, '2019-08-29 16:26:40', '2019-08-29 16:26:40'),
(87, 95, 'Gilda McGlynn', 'Itaque dolor voluptates reprehenderit sunt provident reprehenderit iusto. Omnis velit aut a quas et aliquid. Quia unde sunt voluptates qui facilis nulla.', 1, '2019-08-29 16:26:40', '2019-08-29 16:26:40'),
(88, 27, 'Prof. Kirstin Veum IV', 'Autem vitae optio et velit maiores. Ea fugit exercitationem provident nihil voluptates voluptatem in. Quibusdam sint molestiae eum enim. Accusantium temporibus facere nesciunt provident dolore ut.', 2, '2019-08-29 16:26:41', '2019-08-29 16:26:41'),
(89, 45, 'Deon Jast', 'Sit quis delectus placeat. Aliquid labore consequatur aliquam. Voluptatem possimus quibusdam neque fugit quia consequatur minima.', 3, '2019-08-29 16:26:41', '2019-08-29 16:26:41'),
(90, 11, 'Mr. King Connelly', 'Velit sit et nihil maxime voluptatem. Id unde voluptate asperiores. Cupiditate ad error quo praesentium est incidunt. Expedita qui quia et.', 3, '2019-08-29 16:26:41', '2019-08-29 16:26:41'),
(91, 63, 'Mrs. Annamae Collier', 'Autem sint rem saepe consectetur veniam dolorum. Ex sit aspernatur molestiae magnam rerum nisi. Nam at voluptatum facilis pariatur ea.', 3, '2019-08-29 16:26:41', '2019-08-29 16:26:41'),
(92, 71, 'Dr. Bret Keeling', 'Ut aut ullam quo cum inventore eius animi. Consequatur animi ipsum enim mollitia quasi. Et ut magnam sapiente cumque perspiciatis voluptatibus modi cum. Iure temporibus quibusdam voluptatem laudantium quae delectus omnis. Sint et id rem fugiat tempora asperiores tenetur.', 2, '2019-08-29 16:26:41', '2019-08-29 16:26:41'),
(93, 15, 'Dorthy Kilback', 'Et porro ipsum laudantium ab quia nihil eaque. Est quos nemo non voluptas. Eum culpa ut voluptatem veritatis et voluptatem non.', 5, '2019-08-29 16:26:41', '2019-08-29 16:26:41'),
(94, 99, 'Chet Cole', 'Odio impedit tenetur tenetur corrupti ipsum ut quam. Quis ex accusantium molestias quis. Et dolorem qui voluptatum dignissimos reiciendis.', 0, '2019-08-29 16:26:41', '2019-08-29 16:26:41'),
(95, 90, 'Dr. Geovanny Jerde', 'Commodi quia eum deleniti. Est pariatur enim necessitatibus id. Est odio illum quia corrupti natus quia eum aut.', 0, '2019-08-29 16:26:41', '2019-08-29 16:26:41'),
(96, 96, 'Macy Rippin', 'Architecto sed ullam similique et voluptates ullam rerum. Quas qui autem consequuntur reprehenderit aut distinctio excepturi ut. Ut eius animi vel est. Nulla voluptates vitae eum.', 5, '2019-08-29 16:26:41', '2019-08-29 16:26:41'),
(97, 24, 'Liana Kozey PhD', 'Ab voluptate in quidem sunt voluptatum. Et quas molestias quia cum quae non. Quia consequuntur accusamus nisi consectetur id eum.', 4, '2019-08-29 16:26:41', '2019-08-29 16:26:41'),
(98, 91, 'Dr. Wendy Volkman Jr.', 'Aliquid dolore ipsam aut incidunt. Est molestiae mollitia repellat non pariatur et sint sint. Odio impedit qui sapiente sint totam necessitatibus. Sint quasi incidunt amet voluptatum omnis.', 3, '2019-08-29 16:26:41', '2019-08-29 16:26:41'),
(99, 21, 'Judge Hessel', 'Repudiandae quasi dolores quo quo consequatur consequatur dolores molestias. Quasi voluptas quis ipsum neque et enim. Autem explicabo asperiores aut id.', 0, '2019-08-29 16:26:41', '2019-08-29 16:26:41'),
(100, 13, 'Daniela Reichel', 'Aspernatur ratione ut tempora et vel rerum nihil. Optio molestiae quo laboriosam ut. Itaque voluptatibus facilis esse consequatur quas non.', 3, '2019-08-29 16:26:41', '2019-08-29 16:26:41'),
(101, 26, 'Dr. Milford Gleichner V', 'Quas est qui voluptas placeat. Et optio itaque nisi exercitationem asperiores dolores consequatur qui. Qui repellat cumque quo voluptatem quidem. Amet accusamus sunt rem.', 1, '2019-08-29 16:26:41', '2019-08-29 16:26:41'),
(102, 4, 'Miss Claudine Kassulke II', 'Dolore labore vel accusamus minima aliquid quisquam. Optio dignissimos voluptatum consequatur qui. Asperiores est veniam et ut iusto vero nihil alias. Qui non animi cupiditate ipsa quia.', 3, '2019-08-29 16:26:41', '2019-08-29 16:26:41'),
(103, 51, 'Mr. Frankie Wolff', 'Quaerat ipsa sit aut ipsa perspiciatis temporibus vero. Maxime illum et ut blanditiis aperiam. Hic rerum nostrum quasi accusantium odio nihil quae. Dolorum dolores amet vel aspernatur.', 0, '2019-08-29 16:26:41', '2019-08-29 16:26:41'),
(104, 42, 'Dr. Virginia Corkery', 'Non minima occaecati consequatur sed voluptates. Quidem aut mollitia delectus sequi quia nulla.', 5, '2019-08-29 16:26:41', '2019-08-29 16:26:41'),
(105, 64, 'Norma Jones', 'Dolorem fugit aut qui sint quia dolorem. Suscipit sapiente officia veniam fuga. Est expedita qui qui rerum non enim.', 4, '2019-08-29 16:26:41', '2019-08-29 16:26:41'),
(106, 13, 'Miss Maci Lueilwitz DVM', 'Enim aut mollitia perspiciatis in corporis eum. Sit possimus ut cum id. Velit fugiat commodi quos et.', 1, '2019-08-29 16:26:41', '2019-08-29 16:26:41'),
(107, 39, 'Jeanie Bayer', 'Incidunt ut recusandae eos omnis omnis repudiandae voluptas. Ea ducimus dicta veritatis at minima. Est sed sit et dolor sed et quo.', 4, '2019-08-29 16:26:41', '2019-08-29 16:26:41'),
(108, 39, 'Dr. Baby Kautzer III', 'Quis numquam non at qui nobis molestiae. Natus labore in sit qui et quaerat dolorem.', 2, '2019-08-29 16:26:41', '2019-08-29 16:26:41'),
(109, 4, 'Randal Okuneva', 'Ex praesentium doloremque quia autem accusantium. Expedita natus eum officiis eos. Ad deleniti repellendus nesciunt provident. Est velit est iure molestiae quos.', 4, '2019-08-29 16:26:41', '2019-08-29 16:26:41'),
(110, 35, 'Adrian Nolan', 'Et soluta similique nesciunt ratione. Quisquam accusantium in delectus corporis vel labore qui.', 2, '2019-08-29 16:26:41', '2019-08-29 16:26:41'),
(111, 20, 'Ms. Alison Murphy', 'Corrupti blanditiis cumque perspiciatis id qui ut amet alias. Vel atque incidunt consequatur quia. Maxime et sed necessitatibus dicta.', 5, '2019-08-29 16:26:42', '2019-08-29 16:26:42'),
(112, 96, 'Lulu Quigley', 'Officia a qui omnis harum soluta. Voluptatibus veniam sit consectetur unde. Enim fuga ad quis odit qui tempora eaque. Corrupti in voluptate dolorum ullam voluptatibus mollitia sed. Voluptas eum dolorem sit vero velit.', 1, '2019-08-29 16:26:42', '2019-08-29 16:26:42'),
(113, 30, 'Daniella Sauer', 'Voluptas et ullam laboriosam beatae ex ab omnis et. Modi ex laboriosam sed ut.', 5, '2019-08-29 16:26:42', '2019-08-29 16:26:42'),
(114, 30, 'Chanel Boyer', 'Non earum non et ea velit. Facere ipsa omnis velit non. Et ut blanditiis cum. Aut laudantium natus sed repellat.', 1, '2019-08-29 16:26:42', '2019-08-29 16:26:42'),
(115, 94, 'Lauren Sawayn', 'Dicta neque debitis et ipsum quia velit est in. Et officiis dicta voluptatem ratione nesciunt. Qui magnam ab est. Nihil soluta beatae magnam sed dolorum.', 5, '2019-08-29 16:26:42', '2019-08-29 16:26:42'),
(116, 92, 'Kennedi Cruickshank', 'Autem qui aut omnis beatae. Quis aperiam modi eius minima. Est iure rerum asperiores asperiores dicta ut incidunt consequatur.', 1, '2019-08-29 16:26:42', '2019-08-29 16:26:42'),
(117, 40, 'Josianne Greenholt', 'Odit repudiandae exercitationem dolore exercitationem cupiditate accusamus qui sunt. Nesciunt odit laboriosam est voluptate. Veniam similique animi labore quia.', 4, '2019-08-29 16:26:42', '2019-08-29 16:26:42'),
(118, 12, 'Hans Haley', 'Maxime numquam nihil quo iusto et alias quisquam et. Modi et eaque in voluptatem voluptatem nesciunt sunt. Voluptas non architecto perspiciatis illo nam.', 2, '2019-08-29 16:26:42', '2019-08-29 16:26:42'),
(119, 5, 'Ole Heathcote', 'Et tempore deserunt aut non animi dolorem est. Magnam illum aut quo odit et. Ab et sunt dolores quidem. Error molestias ipsa dicta fuga aliquam.', 1, '2019-08-29 16:26:42', '2019-08-29 16:26:42'),
(120, 70, 'Bart Trantow', 'Nisi tempora natus illum expedita sunt facilis. Nihil deleniti dolores et dolor qui omnis. Occaecati nihil amet iusto eum. Saepe hic omnis itaque quis non officia.', 0, '2019-08-29 16:26:42', '2019-08-29 16:26:42'),
(121, 14, 'Ms. Maud Rolfson', 'Et numquam vel nihil eum. Ratione architecto rem voluptatem neque aut et ratione. Ad corporis quisquam tempore dicta. Earum quidem veniam vel incidunt suscipit ea. Aliquid eos quis ducimus adipisci consequatur aut.', 2, '2019-08-29 16:26:42', '2019-08-29 16:26:42'),
(122, 22, 'Albert Waelchi', 'Sequi exercitationem qui ut dolorum quia delectus. Aut suscipit voluptatem eos voluptatem exercitationem quasi voluptatem.', 4, '2019-08-29 16:26:42', '2019-08-29 16:26:42'),
(123, 19, 'Mrs. Shana Reichert IV', 'Et et temporibus ipsum aut. Sequi est voluptatum nesciunt et labore est. Sunt doloremque aliquid dolores accusantium repudiandae nemo. Nam rerum culpa quo quia aut.', 3, '2019-08-29 16:26:42', '2019-08-29 16:26:42'),
(124, 32, 'Ms. Hilma Feeney DVM', 'Ut sit quas reprehenderit hic voluptates. Et sed repellat non nihil provident assumenda. Qui ut qui culpa expedita sed. Et unde laboriosam et.', 0, '2019-08-29 16:26:42', '2019-08-29 16:26:42'),
(125, 64, 'Prof. Hilma Lueilwitz MD', 'Illo molestiae modi consectetur. At libero qui voluptatem incidunt laborum nihil nisi. Id perferendis quidem incidunt voluptatem autem dolores.', 1, '2019-08-29 16:26:42', '2019-08-29 16:26:42'),
(126, 56, 'Glenna Hills III', 'Ut ut molestiae distinctio maiores quod. Dicta quia voluptatem sed recusandae ut omnis est. Tenetur ut nobis dolorem voluptatem fugit.', 3, '2019-08-29 16:26:42', '2019-08-29 16:26:42'),
(127, 78, 'Avis Buckridge', 'Vero beatae dignissimos omnis laudantium natus et minima qui. Saepe magnam animi sapiente officia aut dolorum et.', 3, '2019-08-29 16:26:42', '2019-08-29 16:26:42'),
(128, 25, 'Mr. Domenic Wolff', 'In dolore in vel facere suscipit cumque ratione incidunt. Iste recusandae perspiciatis est dolorum eum. Doloremque facere est quibusdam vitae corporis.', 1, '2019-08-29 16:26:42', '2019-08-29 16:26:42'),
(129, 73, 'Mrs. Shannon Bednar', 'Excepturi ea recusandae nam omnis ut dicta. Labore in ea nesciunt voluptates quasi quam accusantium. Nisi ut quas architecto.', 4, '2019-08-29 16:26:42', '2019-08-29 16:26:42'),
(130, 12, 'Madelynn Shields', 'Qui maiores sequi est dolore distinctio qui. Labore vel rem laborum et expedita. Esse quis et explicabo culpa iusto ut repudiandae dolores.', 4, '2019-08-29 16:26:42', '2019-08-29 16:26:42'),
(131, 9, 'Isabell Haag Sr.', 'Qui qui saepe corrupti magni. Est mollitia sit porro similique exercitationem.', 0, '2019-08-29 16:26:42', '2019-08-29 16:26:42'),
(132, 35, 'Prof. Liliane Jakubowski V', 'Enim ut nisi qui ipsum. Quia quod aut delectus harum est sunt et ducimus. Architecto quos quos qui recusandae reiciendis qui.', 3, '2019-08-29 16:26:42', '2019-08-29 16:26:42'),
(133, 61, 'Dr. Elouise Daniel Sr.', 'Est suscipit libero consequatur. Consequatur aut accusantium dolore. Sed ullam ab tenetur. Id nobis omnis fugiat saepe unde ipsum officiis. Ex magnam mollitia excepturi.', 2, '2019-08-29 16:26:42', '2019-08-29 16:26:42'),
(134, 2, 'Lupe Bailey', 'Sunt cum odit amet in in porro ut. Animi rerum natus ad expedita quae.', 0, '2019-08-29 16:26:42', '2019-08-29 16:26:42'),
(135, 29, 'Modesta Ernser', 'Ipsum ut repellendus modi sit a. Culpa qui ratione necessitatibus voluptatibus non. Aliquam laudantium quia qui quo in dicta.', 3, '2019-08-29 16:26:42', '2019-08-29 16:26:42'),
(136, 12, 'Rosario Wilkinson MD', 'Et enim blanditiis aspernatur sit et. Sit provident accusantium sit molestiae. Velit excepturi est et aut. In consequatur quae beatae omnis.', 0, '2019-08-29 16:26:42', '2019-08-29 16:26:42'),
(137, 29, 'Beulah Bogan DDS', 'Dolorem non possimus iusto rerum voluptatum explicabo dolor. Qui numquam quas numquam consequatur. Voluptates autem repellat placeat illum doloribus. Fugit temporibus et ipsum ut. Dolor et aut iusto.', 3, '2019-08-29 16:26:43', '2019-08-29 16:26:43'),
(138, 3, 'Karelle Towne DVM', 'Deleniti nulla quia veniam expedita expedita asperiores. Sunt autem aliquam sint et quaerat. Est perspiciatis quam molestiae non in error ullam.', 2, '2019-08-29 16:26:43', '2019-08-29 16:26:43'),
(139, 64, 'Ethelyn Kohler', 'Corrupti enim qui aut impedit ut. Eveniet non non odio.', 1, '2019-08-29 16:26:43', '2019-08-29 16:26:43'),
(140, 94, 'Rhiannon Franecki', 'Sed ex ut aut mollitia pariatur doloribus. Nisi provident consequatur ea id quis. Qui qui quam quis vel qui aliquam est.', 3, '2019-08-29 16:26:43', '2019-08-29 16:26:43'),
(141, 72, 'Merlin Barrows', 'Atque ex eius sequi voluptate recusandae autem. Veniam maxime eius ipsam autem.', 2, '2019-08-29 16:26:43', '2019-08-29 16:26:43'),
(142, 36, 'Helen Barton', 'Laudantium ducimus ut consequatur illo. Dolorem facilis sed qui in odit eos. Rerum illo incidunt sit ut aperiam odit. Placeat aut sequi ut dolore totam.', 3, '2019-08-29 16:26:43', '2019-08-29 16:26:43'),
(143, 75, 'Prof. Doug Flatley Sr.', 'Distinctio asperiores dolorem non est delectus. Consectetur eaque sapiente aspernatur ipsa omnis soluta. Fuga totam beatae optio consequuntur error. Ut ab facilis asperiores ipsa soluta fuga dolore doloremque.', 3, '2019-08-29 16:26:43', '2019-08-29 16:26:43'),
(144, 23, 'Addie O\'Keefe', 'Amet est quasi ratione sequi impedit commodi maxime. Ex atque et adipisci voluptatibus ad. Amet voluptatem eaque quidem enim facilis omnis quibusdam.', 1, '2019-08-29 16:26:43', '2019-08-29 16:26:43'),
(145, 16, 'Wilfrid White I', 'Sed quia voluptas nesciunt cum ea repellat ex. Est nihil odit ducimus iste ea dignissimos. Dolores neque autem ratione consequatur eum.', 0, '2019-08-29 16:26:43', '2019-08-29 16:26:43'),
(146, 75, 'Darrion Gerlach', 'Quis unde soluta quod cupiditate placeat. Dolore quia maxime debitis ab. Corrupti fuga est eligendi eum laborum nostrum doloribus ea. Sequi vero quia modi placeat quia impedit et.', 3, '2019-08-29 16:26:43', '2019-08-29 16:26:43'),
(147, 21, 'Cassandre Gutmann', 'Itaque et quo et fugit quia sequi consequatur. Et similique accusantium minima. Explicabo omnis est aliquid aut minus temporibus. Animi consequatur fugit rerum minima quam.', 4, '2019-08-29 16:26:43', '2019-08-29 16:26:43'),
(148, 35, 'Miss Deborah Sanford', 'Perferendis ut alias voluptatem ut consectetur eveniet deleniti. Nihil illum molestiae ut dolores consequatur omnis excepturi. Distinctio qui voluptatibus deserunt non nobis.', 3, '2019-08-29 16:26:43', '2019-08-29 16:26:43'),
(149, 26, 'Ayla Ortiz', 'Optio quia quaerat fugit laborum temporibus aut qui. Dignissimos tempora dolores repellendus. Necessitatibus atque magni tempora ipsa voluptatem. In corrupti voluptas quam sed odio eligendi.', 4, '2019-08-29 16:26:43', '2019-08-29 16:26:43'),
(150, 79, 'Ms. Reba Braun', 'Ut autem nostrum magnam eum. Repudiandae qui officiis sit commodi. Eius itaque quia sunt reiciendis deleniti. Sapiente quaerat dolorem corporis quos nisi est ut. Aut dignissimos quibusdam corporis quia ut.', 4, '2019-08-29 16:26:43', '2019-08-29 16:26:43'),
(151, 27, 'Ben Morar', 'Dolore culpa magnam voluptas ut eos molestias molestiae modi. Quia dolorum sit est voluptas. Nihil ut et qui earum molestiae. Ut labore est sunt ut ut.', 1, '2019-08-29 16:26:43', '2019-08-29 16:26:43'),
(152, 63, 'Mr. Francisco Cummings IV', 'Sint odit vitae voluptatem tenetur autem. Omnis provident non repellendus optio consequatur enim at.', 1, '2019-08-29 16:26:43', '2019-08-29 16:26:43'),
(153, 41, 'Miss Sabryna Runte', 'Porro non voluptates velit occaecati ullam expedita. Omnis id reprehenderit sit accusantium natus molestiae earum. Sequi et dolores et repellat.', 1, '2019-08-29 16:26:43', '2019-08-29 16:26:43'),
(154, 11, 'Vernice Schoen', 'Excepturi optio debitis dignissimos ab. Ab illo aut eligendi quia ullam magni. Aliquid molestias eligendi blanditiis eos nostrum ab quaerat sed.', 0, '2019-08-29 16:26:43', '2019-08-29 16:26:43'),
(155, 28, 'Marlee Grant', 'Vitae vel tenetur quaerat laboriosam non eos. Non quidem aliquam expedita. Quod atque facere esse aut recusandae autem. Voluptatibus iure ea enim error.', 5, '2019-08-29 16:26:43', '2019-08-29 16:26:43'),
(156, 29, 'Eloisa Corwin', 'Quaerat molestias perferendis earum voluptatem. Quaerat sit ducimus suscipit reiciendis. Officia harum eum aliquid voluptas doloribus.', 0, '2019-08-29 16:26:43', '2019-08-29 16:26:43'),
(157, 45, 'Reva Stracke', 'Beatae qui autem sapiente consequuntur nisi voluptatem aut modi. Sed quas dolorum quidem similique ratione accusantium doloribus ex. Occaecati numquam rerum est nisi non adipisci.', 1, '2019-08-29 16:26:43', '2019-08-29 16:26:43'),
(158, 65, 'Griffin Schuster', 'Sint minus non voluptatem nihil dolorem sed. Ipsa sed ut consequatur ut voluptates quo atque sit. Et eaque doloremque suscipit dolores voluptatem.', 0, '2019-08-29 16:26:43', '2019-08-29 16:26:43'),
(159, 68, 'Prof. Ulices Jakubowski', 'Ut et est sequi totam iure laudantium consectetur culpa. Voluptate dicta quasi consequatur et accusamus odio. Illum harum ad nesciunt vero.', 4, '2019-08-29 16:26:43', '2019-08-29 16:26:43'),
(160, 84, 'Addie Stark', 'Porro dolor et possimus sed. Ad in inventore est aut qui odio temporibus. Facilis pariatur expedita magnam necessitatibus reiciendis nesciunt cum modi.', 0, '2019-08-29 16:26:43', '2019-08-29 16:26:43'),
(161, 56, 'Daija Kovacek', 'Dolorem et aliquam ipsam doloribus necessitatibus quis doloribus. Adipisci quisquam dolore laudantium animi. Harum ea aut nostrum quia nam dolorum aut a. Et saepe corporis ut.', 4, '2019-08-29 16:26:43', '2019-08-29 16:26:43'),
(162, 22, 'Levi Yundt', 'Cumque illum recusandae incidunt ut. Sed enim harum quos praesentium delectus et. Commodi enim sit quisquam. Quia magni incidunt perspiciatis sed.', 0, '2019-08-29 16:26:43', '2019-08-29 16:26:43'),
(163, 12, 'Dr. Filomena King DVM', 'Quidem impedit sint eaque soluta eos ducimus in. Eos ea cupiditate unde qui vero dolor quod. Voluptate magnam mollitia ut fugit quaerat quia quidem. Quia veniam provident voluptas rerum.', 1, '2019-08-29 16:26:43', '2019-08-29 16:26:43'),
(164, 35, 'Prof. Ford Kunze PhD', 'Est quidem molestias eligendi et voluptatum tempore quaerat. Enim possimus autem voluptatibus. Dolor quia eligendi vel. Id necessitatibus minus et quae at vel amet nobis.', 0, '2019-08-29 16:26:44', '2019-08-29 16:26:44'),
(165, 41, 'Prof. Roscoe Streich', 'Ut nam doloribus ipsa reprehenderit. Repellat consectetur labore odit. Qui atque saepe voluptatem dolorem dolor non quia.', 4, '2019-08-29 16:26:44', '2019-08-29 16:26:44'),
(166, 54, 'Mr. Kellen Stracke MD', 'Corporis et placeat ab quae ut quaerat exercitationem. Sint est quidem sint ducimus reiciendis. Ea velit blanditiis laudantium quia quo qui.', 2, '2019-08-29 16:26:44', '2019-08-29 16:26:44'),
(167, 71, 'Mattie Runolfsdottir', 'Autem ipsam officia et est est. Dolores totam explicabo voluptate nam harum. Error quo non debitis non ab ut.', 4, '2019-08-29 16:26:44', '2019-08-29 16:26:44'),
(168, 94, 'Kellen Stracke', 'Non deleniti iste aperiam dolores sed. Dolores delectus consequatur fugit repellat nobis maiores.', 4, '2019-08-29 16:26:44', '2019-08-29 16:26:44'),
(169, 62, 'Prof. Vidal Gleason IV', 'In dolor nisi dignissimos veniam inventore. Est ad ullam veritatis neque qui et aut. Quasi nihil ut quae ullam.', 1, '2019-08-29 16:26:44', '2019-08-29 16:26:44'),
(170, 75, 'Clement Treutel', 'Enim inventore neque porro est incidunt officiis sit. Et sed autem sed. Molestiae sit est velit ab id voluptatibus voluptate debitis. Pariatur sit quasi dicta ipsum.', 3, '2019-08-29 16:26:44', '2019-08-29 16:26:44'),
(171, 84, 'Sandrine Spencer', 'Quasi necessitatibus quia libero autem. Nulla vel officiis veniam repellat sint voluptatem deserunt non. Officiis molestiae quisquam odit qui autem ducimus molestiae. Inventore modi tempora dolorum expedita eaque.', 5, '2019-08-29 16:26:44', '2019-08-29 16:26:44'),
(172, 55, 'Ms. Abigale Gerlach', 'Voluptates est unde vel fuga quos ullam. Libero praesentium ullam non. Et et optio quia est.', 2, '2019-08-29 16:26:44', '2019-08-29 16:26:44'),
(173, 34, 'Olen Wehner II', 'Sunt ex repudiandae optio enim sit. Aliquid praesentium nisi impedit ab et molestias praesentium. Est explicabo eligendi quos explicabo. Consequatur sunt vero nostrum.', 5, '2019-08-29 16:26:44', '2019-08-29 16:26:44'),
(174, 76, 'Raven Stroman', 'Iste qui esse molestiae et eligendi beatae. Aliquid omnis adipisci ad similique quia. Harum delectus iusto amet illum quaerat consequatur ut omnis.', 2, '2019-08-29 16:26:44', '2019-08-29 16:26:44'),
(175, 43, 'Michael Johns', 'Excepturi cupiditate iste provident perferendis. Sint deserunt consequatur error necessitatibus.', 2, '2019-08-29 16:26:44', '2019-08-29 16:26:44'),
(176, 42, 'Freeda Franecki', 'Placeat quo sit nesciunt dolores illo. Et sit minus animi asperiores quia autem dolores. Soluta omnis est eos eos fuga temporibus sit.', 3, '2019-08-29 16:26:44', '2019-08-29 16:26:44'),
(177, 59, 'Bobbie Watsica', 'Occaecati esse sequi odit at earum. Deleniti temporibus animi ut. Consequatur accusantium sed eligendi quod. Numquam commodi sit et necessitatibus impedit quidem.', 4, '2019-08-29 16:26:44', '2019-08-29 16:26:44'),
(178, 45, 'Christa Strosin', 'Voluptatem quasi quas itaque asperiores labore praesentium. Soluta accusantium expedita quo officiis vitae. Recusandae enim cum alias sit inventore fugiat sed.', 4, '2019-08-29 16:26:44', '2019-08-29 16:26:44'),
(179, 2, 'Harley Zulauf', 'Est non vitae consectetur assumenda natus ut. Animi quas veniam perspiciatis tempora. Vitae laudantium quos quaerat et alias quod consequatur.', 1, '2019-08-29 16:26:44', '2019-08-29 16:26:44'),
(180, 45, 'Prof. Deondre Pacocha DVM', 'Doloremque quae iure officiis eveniet. Doloremque hic earum aut et laudantium quam omnis. Est deleniti animi et quasi. Eius unde et velit mollitia.', 4, '2019-08-29 16:26:44', '2019-08-29 16:26:44'),
(181, 8, 'Felicity Schumm PhD', 'Corrupti iste sapiente asperiores ad voluptatem deserunt. Id aperiam ut sit laudantium. Dignissimos fuga provident quas omnis aut.', 2, '2019-08-29 16:26:44', '2019-08-29 16:26:44'),
(182, 74, 'Deonte Rolfson', 'Reprehenderit aspernatur id aut libero nemo labore reprehenderit. Commodi suscipit delectus totam consequatur perspiciatis. Eius vel provident voluptatibus officia adipisci magni illum. Quia excepturi et nam nesciunt porro sapiente sed.', 5, '2019-08-29 16:26:44', '2019-08-29 16:26:44'),
(183, 38, 'Erika Gleichner', 'Quia voluptatem a cupiditate beatae corporis nisi maiores. Id itaque quas aliquam et error ratione sunt. Id quo rerum vel voluptate aut. Eveniet voluptas distinctio sunt est et labore voluptatum sed.', 1, '2019-08-29 16:26:44', '2019-08-29 16:26:44'),
(184, 33, 'Loma Schmeler', 'Velit id laboriosam ad nam quia accusamus eum. Recusandae ipsa molestiae repellat doloribus accusamus laborum quam. Aut velit nobis dolorem rerum exercitationem. Enim veritatis id officia soluta in autem.', 4, '2019-08-29 16:26:45', '2019-08-29 16:26:45'),
(185, 48, 'Citlalli Hand IV', 'Aut dolorem voluptatem sunt. Laboriosam aut sint et.', 4, '2019-08-29 16:26:45', '2019-08-29 16:26:45'),
(186, 6, 'Juana Marks', 'Id saepe consequatur explicabo eligendi aliquid illum rerum. Aperiam porro aperiam aut ipsam natus et quas deleniti. Magni facilis quibusdam possimus recusandae minima adipisci.', 5, '2019-08-29 16:26:45', '2019-08-29 16:26:45'),
(187, 88, 'Prof. Candido Herzog II', 'Laudantium et consequatur maxime amet. Commodi et voluptas blanditiis ut. Voluptatem rerum aut et optio nisi.', 4, '2019-08-29 16:26:45', '2019-08-29 16:26:45'),
(188, 4, 'Tommie Strosin V', 'Assumenda repellat quidem autem aut. In optio asperiores aut quisquam ut fuga. Quam et est cumque quo quos qui. Quia voluptas suscipit laborum eum laborum autem.', 4, '2019-08-29 16:26:45', '2019-08-29 16:26:45'),
(189, 99, 'Mr. Russel Grimes V', 'Dolorum velit veniam nam ab. Fuga esse deleniti nulla in. Amet sunt porro sed quo.', 5, '2019-08-29 16:26:45', '2019-08-29 16:26:45'),
(190, 44, 'Maximillia Legros III', 'Tempora itaque rerum possimus incidunt consequatur mollitia. Error sit voluptas non quia deserunt corrupti. Veritatis aspernatur dolor eos velit accusantium.', 1, '2019-08-29 16:26:45', '2019-08-29 16:26:45'),
(191, 16, 'Zachary Trantow', 'Et quaerat molestias et distinctio commodi quis sint rerum. Qui est est nihil ut quam quasi. Odio voluptas molestiae quia nulla.', 2, '2019-08-29 16:26:45', '2019-08-29 16:26:45'),
(192, 97, 'Mitchel Herman', 'Sunt esse quasi ipsum aut cumque dolor. Vel officia facere ex ut voluptatibus consequuntur quisquam. Necessitatibus vitae consequatur aliquam voluptatum. Incidunt ad libero praesentium a qui optio.', 5, '2019-08-29 16:26:45', '2019-08-29 16:26:45'),
(193, 11, 'Prof. Stephen Runolfsdottir III', 'Nisi rerum aliquid ex id ab voluptatem. Non eius sint accusamus ea et earum vero. Doloremque rem voluptatem ex assumenda dolores consequuntur. Et qui odio aliquam dolorem ratione occaecati commodi.', 2, '2019-08-29 16:26:45', '2019-08-29 16:26:45'),
(194, 38, 'Leif Schaden', 'Corporis et molestiae nesciunt et. Beatae dolore praesentium reprehenderit rerum dolore. Voluptas consequatur alias sapiente praesentium quis. Harum inventore cumque qui deserunt ipsa.', 1, '2019-08-29 16:26:45', '2019-08-29 16:26:45'),
(195, 99, 'Dr. Tony Kling', 'Perspiciatis soluta distinctio provident qui. Eos impedit eligendi autem ea cumque ut porro. Ipsa illo odio et nisi.', 0, '2019-08-29 16:26:45', '2019-08-29 16:26:45'),
(196, 53, 'Lavon Ritchie Sr.', 'Quaerat esse modi error dolore dolorum atque non autem. Nisi veniam consequuntur id. Consectetur consequatur nisi soluta perspiciatis minus iste. Molestiae deserunt velit eos expedita dolorem omnis magni.', 0, '2019-08-29 16:26:45', '2019-08-29 16:26:45'),
(197, 33, 'Alan Runte', 'Velit dolorem voluptate impedit assumenda molestiae et repudiandae. Dicta reiciendis velit itaque veritatis sed. Quia est debitis voluptatibus nemo tenetur non. Accusamus ipsa quibusdam similique libero nostrum sint eos.', 1, '2019-08-29 16:26:45', '2019-08-29 16:26:45'),
(198, 19, 'Emie Cartwright', 'Animi eaque sit eos at quo architecto. Impedit dicta pariatur est quas. Et est voluptatem aut soluta. Occaecati libero vel vel velit ea quia.', 4, '2019-08-29 16:26:45', '2019-08-29 16:26:45'),
(199, 12, 'Juvenal Ernser', 'Qui nemo temporibus quo. Unde sed eos error rerum debitis blanditiis. Eius vel sit dolorem sequi.', 0, '2019-08-29 16:26:45', '2019-08-29 16:26:45'),
(200, 73, 'Deion Greenfelder III', 'Officiis sint et rerum et corporis. Aut enim cum sunt minus quidem. Culpa eos rem quaerat et.', 3, '2019-08-29 16:26:45', '2019-08-29 16:26:45'),
(201, 74, 'Ewell Kovacek', 'Amet nisi beatae quaerat ipsa voluptatem reprehenderit. Et ut cupiditate nihil quia pariatur autem.', 4, '2019-08-29 16:26:45', '2019-08-29 16:26:45'),
(202, 60, 'Prof. Dorcas Raynor DDS', 'Delectus ut sequi eos placeat et iure atque. Velit odio cumque omnis veritatis et. Molestias et illo sint similique. Ea cupiditate itaque adipisci id.', 5, '2019-08-29 16:26:45', '2019-08-29 16:26:45'),
(203, 7, 'Jovany Hansen', 'Alias non laboriosam quae voluptatem. Fugit sunt dignissimos enim optio iusto tempore. Minima qui sint dolorum harum.', 1, '2019-08-29 16:26:45', '2019-08-29 16:26:45'),
(204, 86, 'Lester Volkman Sr.', 'Culpa unde libero molestiae quibusdam animi. Velit nisi officiis quo eligendi debitis.', 1, '2019-08-29 16:26:45', '2019-08-29 16:26:45'),
(205, 70, 'Miss Danika Reinger', 'Magnam eum explicabo earum nulla error sit aut. Et et officia tempora voluptatem velit. Nihil laudantium molestias sit non aut unde.', 2, '2019-08-29 16:26:46', '2019-08-29 16:26:46'),
(206, 27, 'Dana Harvey', 'Repellat ut et illum dignissimos quia provident maiores. Deleniti alias consequatur adipisci cupiditate laboriosam. Vel maxime consequatur dolor harum qui et ea.', 0, '2019-08-29 16:26:46', '2019-08-29 16:26:46'),
(207, 81, 'Dr. Blaise Feil', 'Animi et non neque laboriosam corporis dolores. Suscipit velit dolores totam aut. Cumque nulla vero quasi. Vel est et repellat accusamus.', 3, '2019-08-29 16:26:46', '2019-08-29 16:26:46'),
(208, 65, 'Mrs. Ayla Bednar', 'Consequatur sed suscipit et nobis. Molestiae voluptatum quaerat ab maiores et. Consequatur qui qui autem ut.', 3, '2019-08-29 16:26:46', '2019-08-29 16:26:46'),
(209, 39, 'Trace Leuschke', 'Enim corporis dolorum blanditiis est. Magni rerum recusandae odio aperiam natus earum necessitatibus. Culpa enim eius et ut molestias ipsam. Non tempore qui veniam eos officia autem animi.', 1, '2019-08-29 16:26:46', '2019-08-29 16:26:46'),
(210, 27, 'Royce Ledner', 'Esse et quia nostrum at nihil. Nostrum labore sunt dolorum quo dolores quam enim. Ea quibusdam maiores ea aliquid.', 0, '2019-08-29 16:26:46', '2019-08-29 16:26:46'),
(211, 41, 'Thalia Muller', 'Repellat nulla consequatur dolores. Molestias laboriosam sed quas distinctio. Dolor enim fugiat eos corporis iste cupiditate ullam. Error a quis temporibus aut laboriosam similique est consequatur.', 1, '2019-08-29 16:26:46', '2019-08-29 16:26:46'),
(212, 34, 'Delfina McCullough', 'Adipisci et iusto distinctio sequi et et. Minus totam molestias corporis aperiam. Aspernatur consectetur iusto voluptates. Et nemo maxime quos odit iusto.', 2, '2019-08-29 16:26:46', '2019-08-29 16:26:46'),
(213, 100, 'Myrtie Cole', 'Delectus illo vel qui sint voluptatem. Maxime numquam molestiae commodi sunt excepturi et. Nobis incidunt eveniet odio sint esse recusandae rerum beatae.', 3, '2019-08-29 16:26:46', '2019-08-29 16:26:46'),
(214, 89, 'Danny Gleason', 'Nesciunt perspiciatis consectetur voluptas. Et deserunt iure sit optio ea magni aliquam. Consequatur et cumque quae facilis placeat debitis.', 5, '2019-08-29 16:26:46', '2019-08-29 16:26:46'),
(215, 42, 'Lessie Rowe', 'Ipsa sed accusamus aut ut beatae impedit ut. Reiciendis aut magni sed quo.', 2, '2019-08-29 16:26:46', '2019-08-29 16:26:46'),
(216, 22, 'Jay Kertzmann', 'Ut quia dolores facilis quia cum est. Nihil ut tenetur delectus aspernatur odit mollitia et praesentium. Voluptas culpa omnis voluptate dolorum corporis.', 0, '2019-08-29 16:26:46', '2019-08-29 16:26:46'),
(217, 1, 'Mr. Danial Parker I', 'Est sunt dolorem rerum ut assumenda. Explicabo dolorem mollitia asperiores reprehenderit rerum est molestiae. Necessitatibus dicta rerum et quaerat et qui tempora et.', 0, '2019-08-29 16:26:46', '2019-08-29 16:26:46');
INSERT INTO `reviews` (`id`, `product_id`, `customer`, `review`, `star`, `created_at`, `updated_at`) VALUES
(218, 31, 'Mrs. Kailey Johnston III', 'Deserunt rerum aliquid aut. Amet et vel pariatur asperiores consequatur incidunt molestias. Earum voluptas qui sit eos ea. Velit eum aut numquam accusantium dolorum qui nemo. Expedita inventore et sit rem voluptas aspernatur fugiat.', 1, '2019-08-29 16:26:46', '2019-08-29 16:26:46'),
(219, 22, 'Jordane Gislason I', 'Est ab et ut nostrum quae. Tempora possimus odit vitae inventore autem et eaque totam. Explicabo voluptas sunt voluptates ullam nihil.', 2, '2019-08-29 16:26:47', '2019-08-29 16:26:47'),
(220, 12, 'Cassidy Corwin', 'Laboriosam voluptatibus autem earum perspiciatis aut. Architecto reprehenderit praesentium perferendis reiciendis. Sed minima impedit eligendi reiciendis veniam velit dolores.', 0, '2019-08-29 16:26:47', '2019-08-29 16:26:47'),
(221, 91, 'Jailyn Gorczany', 'Amet est velit natus consectetur ad ab aliquam. Dolores officiis porro quam assumenda. Molestiae quis enim amet molestiae tempore voluptas repellat nostrum. Delectus nesciunt saepe quia tenetur.', 0, '2019-08-29 16:26:47', '2019-08-29 16:26:47'),
(222, 28, 'Miss Nya Lesch II', 'Consectetur quo magni laudantium dolore iusto est. Est dolorem et voluptas iste accusantium molestiae. Dolores ut repellat facilis aliquam nostrum.', 0, '2019-08-29 16:26:47', '2019-08-29 16:26:47'),
(223, 59, 'Laverne McDermott', 'Repellendus dolores impedit natus. Est et officia eos accusamus quibusdam nihil. Magni incidunt ea laboriosam et ea nihil. Rerum quia laboriosam voluptas.', 1, '2019-08-29 16:26:47', '2019-08-29 16:26:47'),
(224, 74, 'Octavia Koepp', 'Blanditiis reiciendis esse corporis. Pariatur qui harum aspernatur ut asperiores quasi. Qui reiciendis pariatur aliquid labore ipsum. Minima et mollitia id ullam similique cum facilis et. Quae quo non fuga veritatis vel sed sit.', 1, '2019-08-29 16:26:47', '2019-08-29 16:26:47'),
(225, 49, 'Tevin Waelchi', 'Sed nihil et debitis quisquam quos. Minima voluptatem consequuntur est quo et. Repellendus aut consequatur beatae fuga et.', 1, '2019-08-29 16:26:47', '2019-08-29 16:26:47'),
(226, 68, 'Mrs. Jessica Friesen', 'Et quis eum ut voluptatibus ut autem ipsam ratione. Recusandae dolor excepturi non impedit voluptas. Porro laborum provident similique quod.', 0, '2019-08-29 16:26:47', '2019-08-29 16:26:47'),
(227, 56, 'Frida Wunsch', 'Qui ullam voluptas et labore enim explicabo. Consectetur ullam quisquam occaecati odio earum sed vero. Expedita atque qui necessitatibus qui magnam voluptate.', 3, '2019-08-29 16:26:47', '2019-08-29 16:26:47'),
(228, 100, 'Shania Nikolaus', 'Quaerat impedit soluta inventore perspiciatis officia perspiciatis quis aut. Culpa sint commodi maiores porro repellendus. Aut ratione rerum sint autem debitis. Harum aspernatur sequi sint ipsa.', 2, '2019-08-29 16:26:47', '2019-08-29 16:26:47'),
(229, 52, 'Rudy DuBuque PhD', 'Culpa veritatis sunt sit iure rerum. Vel ab et vel qui. Asperiores quod natus reiciendis.', 2, '2019-08-29 16:26:47', '2019-08-29 16:26:47'),
(230, 46, 'Milo Tillman', 'Nobis iure voluptatibus iusto atque. Doloremque voluptatem praesentium facere et voluptatem. Esse quo odio aut nesciunt. Velit eaque voluptatem et delectus beatae optio unde.', 3, '2019-08-29 16:26:47', '2019-08-29 16:26:47'),
(231, 12, 'Savion Lowe', 'Repudiandae saepe exercitationem sit. Et qui voluptas amet magnam blanditiis. Voluptatum rerum aut id mollitia velit et.', 2, '2019-08-29 16:26:47', '2019-08-29 16:26:47'),
(232, 94, 'Mateo Macejkovic', 'Eaque voluptas suscipit odit sit labore aut illum. Enim molestiae itaque qui et vitae.', 2, '2019-08-29 16:26:47', '2019-08-29 16:26:47'),
(233, 78, 'Prof. Jaylin Homenick MD', 'Accusantium rerum at natus ut et. Corrupti nostrum qui est ipsum veniam qui et asperiores. Aliquam fugiat omnis omnis reiciendis exercitationem. Nemo et maxime quaerat qui vel velit recusandae.', 0, '2019-08-29 16:26:47', '2019-08-29 16:26:47'),
(234, 88, 'Miss Roselyn Emard III', 'Doloremque et et a quos consectetur tempore est. Doloremque qui id commodi voluptatem. Ea culpa voluptatem sint dolor ipsum eligendi id.', 2, '2019-08-29 16:26:47', '2019-08-29 16:26:47'),
(235, 34, 'Colten O\'Conner', 'Blanditiis sed reiciendis magnam adipisci nemo rerum. Facere consectetur sed labore numquam rerum. Et enim iusto est iusto.', 1, '2019-08-29 16:26:47', '2019-08-29 16:26:47'),
(236, 76, 'Sheridan Little', 'Sunt non tenetur voluptatem delectus qui molestiae dolores. Aut placeat vitae quod. Assumenda aut voluptas ut vero deleniti.', 4, '2019-08-29 16:26:47', '2019-08-29 16:26:47'),
(237, 52, 'Prof. Dallas Jones III', 'Et quis quis sit nostrum natus blanditiis. Voluptatem amet at sunt neque. Dolores ut mollitia distinctio nobis.', 0, '2019-08-29 16:26:48', '2019-08-29 16:26:48'),
(238, 7, 'Prof. Reilly Wyman II', 'Sunt ipsum voluptatem a mollitia ex. In sit necessitatibus similique dolorem iste. Pariatur quas natus sint autem quibusdam et blanditiis. Fuga rerum dolores quod et perferendis quo amet. Aperiam hic cum rerum.', 5, '2019-08-29 16:26:48', '2019-08-29 16:26:48'),
(239, 35, 'Prof. Yoshiko Stokes', 'Ab soluta aliquid molestiae voluptatem est possimus dolor. Repudiandae et sit reprehenderit rerum harum sit ut ab. Optio iure natus vel consequuntur delectus.', 2, '2019-08-29 16:26:48', '2019-08-29 16:26:48'),
(240, 15, 'Julien Will', 'Eos animi dolorem illum sint. Ut vero temporibus totam officiis qui dolor odio. Velit non explicabo non et tempore quo quasi rerum. Hic laboriosam dignissimos non facere ut iusto sed.', 5, '2019-08-29 16:26:48', '2019-08-29 16:26:48'),
(241, 95, 'Agustina Luettgen', 'Eos est fuga ut qui ducimus et eos. Atque repellendus nihil ducimus optio tenetur reprehenderit voluptas. Dignissimos provident fugit explicabo eveniet. Voluptatem dolore quo perspiciatis.', 4, '2019-08-29 16:26:48', '2019-08-29 16:26:48'),
(242, 81, 'Nannie Yundt', 'Sed voluptatem mollitia harum. Officiis ducimus repudiandae optio sapiente a quo corporis. At excepturi nisi iusto sit. Totam officiis ut est soluta itaque omnis totam.', 2, '2019-08-29 16:26:48', '2019-08-29 16:26:48'),
(243, 34, 'Prof. Anabel Bednar Sr.', 'Commodi recusandae velit quidem et. Et ut rerum explicabo velit enim esse dolorum. Reprehenderit ea necessitatibus et eius in.', 2, '2019-08-29 16:26:48', '2019-08-29 16:26:48'),
(244, 7, 'Marilou Weimann Sr.', 'Repudiandae nostrum est dolores fuga modi doloremque. Voluptas natus sint sint quam qui. Natus corporis quia deleniti adipisci dolor. Non libero expedita harum sit laborum rerum sed.', 2, '2019-08-29 16:26:48', '2019-08-29 16:26:48'),
(245, 49, 'Naomie Leuschke', 'Sit atque sapiente eum possimus. Dolore placeat veniam voluptas quia aliquam velit soluta. Dignissimos qui voluptatum recusandae molestias ut consequatur voluptas.', 4, '2019-08-29 16:26:48', '2019-08-29 16:26:48'),
(246, 99, 'Ms. Rosalee Kuhlman', 'Id qui itaque optio et. Odio itaque exercitationem qui impedit dolores. Officiis qui sint omnis.', 3, '2019-08-29 16:26:48', '2019-08-29 16:26:48'),
(247, 44, 'Mrs. Catharine Friesen II', 'Quia ratione consectetur qui reprehenderit. Quo dolore nam consequuntur ipsum sequi. Optio vel harum modi distinctio dignissimos dolore. Consequatur quia aut sed debitis ea.', 0, '2019-08-29 16:26:48', '2019-08-29 16:26:48'),
(248, 92, 'Broderick Zulauf', 'Nesciunt et minus sit. In sed nobis quia incidunt rerum eligendi rerum. Enim voluptatibus temporibus ut laborum occaecati tenetur consequatur.', 4, '2019-08-29 16:26:48', '2019-08-29 16:26:48'),
(249, 18, 'Mr. Dorthy Willms Jr.', 'Repellendus assumenda ut cupiditate. Explicabo est voluptas libero qui. Quia quae ut quis quia iste quia. Ducimus alias ut repudiandae perspiciatis.', 1, '2019-08-29 16:26:48', '2019-08-29 16:26:48'),
(250, 87, 'Mckenzie Prosacco', 'Adipisci officia ut atque unde eaque. Voluptas et eum quisquam corrupti beatae. Illum nisi dolores sint rerum asperiores ut quae. A et officiis quis rerum nemo.', 4, '2019-08-29 16:26:48', '2019-08-29 16:26:48'),
(251, 86, 'Anabelle Boyle', 'Vero dolores laudantium aut itaque optio vel tempora. Esse iste qui voluptatem tempore ut maxime voluptatem expedita. Et minima molestiae reprehenderit consequatur quam.', 5, '2019-08-29 16:26:48', '2019-08-29 16:26:48'),
(252, 64, 'Andres Leannon', 'Repudiandae aut in aperiam ut iste sed. Optio et dicta velit deserunt optio aut quis. Veritatis quaerat voluptatem consequuntur qui. Sed porro ratione fuga impedit temporibus sed.', 5, '2019-08-29 16:26:49', '2019-08-29 16:26:49'),
(253, 34, 'Ottilie Lang IV', 'Laudantium sit aut est. Culpa ut voluptas quaerat modi iusto. Delectus totam sint velit quae aperiam.', 4, '2019-08-29 16:26:49', '2019-08-29 16:26:49'),
(254, 57, 'Maud Larkin IV', 'Voluptas unde repudiandae architecto totam impedit. Eius placeat quo autem ex quisquam iste. Expedita qui perspiciatis necessitatibus sequi odit perferendis nam. Velit quasi est ullam ut. Ullam ut maxime et cupiditate commodi amet delectus.', 0, '2019-08-29 16:26:49', '2019-08-29 16:26:49'),
(255, 23, 'Brionna Miller', 'Pariatur autem architecto aut vero ea sequi. Ad in deserunt veniam a ut quibusdam. Illo aut ut quo voluptates a dignissimos consequuntur. Aut aut iure aut quia omnis.', 1, '2019-08-29 16:26:49', '2019-08-29 16:26:49'),
(256, 72, 'Enoch Hammes', 'Sapiente quam reprehenderit ab autem. Adipisci velit possimus ut omnis voluptatibus. Omnis unde recusandae unde quod eos aut. Amet cum iste minima qui consequatur est.', 1, '2019-08-29 16:26:49', '2019-08-29 16:26:49'),
(257, 21, 'Prof. Lance Koch', 'Temporibus ut mollitia eum eveniet. Quae qui ratione sunt omnis necessitatibus. Sunt nesciunt rerum ut maxime quis.', 5, '2019-08-29 16:26:49', '2019-08-29 16:26:49'),
(258, 87, 'Florian Leffler', 'Aliquam necessitatibus a doloremque sed. Ipsum sit asperiores recusandae tempora fugiat ad. Voluptates itaque dignissimos expedita unde fuga.', 1, '2019-08-29 16:26:49', '2019-08-29 16:26:49'),
(259, 63, 'Lafayette Franecki II', 'Molestiae rerum molestias repudiandae blanditiis facilis quis incidunt. Perspiciatis impedit accusamus dicta odio voluptatem tempore. Temporibus molestias autem et dolorem debitis voluptas nesciunt magni.', 0, '2019-08-29 16:26:49', '2019-08-29 16:26:49'),
(260, 62, 'Ramona Renner', 'Aspernatur similique voluptas eligendi sint. Dolorem impedit sint aliquam quisquam. Sed vitae quo autem ut. In omnis deleniti consequuntur voluptatem voluptatum pariatur voluptas eveniet. Necessitatibus mollitia molestiae quasi culpa facilis rem eum.', 0, '2019-08-29 16:26:49', '2019-08-29 16:26:49'),
(261, 56, 'Mr. Savion Reichert', 'Consequatur est quaerat molestiae commodi. Velit reiciendis rem hic eaque harum. Ea non at occaecati ducimus iure hic non.', 4, '2019-08-29 16:26:49', '2019-08-29 16:26:49'),
(262, 23, 'Dr. Erick Homenick Sr.', 'Aut rem repudiandae ex quidem ut atque ut. Rem fugit maxime asperiores quam. Natus sunt minus laborum illo earum.', 0, '2019-08-29 16:26:49', '2019-08-29 16:26:49'),
(263, 89, 'Queenie Torphy', 'Praesentium assumenda ab voluptatem quisquam nulla eum quis quia. Quasi perspiciatis veniam nulla. Reiciendis tenetur voluptate quia voluptatem ab aperiam voluptas. Est iste iure qui et ipsum qui quae est.', 4, '2019-08-29 16:26:49', '2019-08-29 16:26:49'),
(264, 83, 'Kaycee Mosciski V', 'Doloribus qui sed corrupti ipsa. Est maiores sit repellat blanditiis. Non vero optio nesciunt excepturi fugit eum in. Dolorum sunt dolores possimus reiciendis accusantium quisquam.', 2, '2019-08-29 16:26:49', '2019-08-29 16:26:49'),
(265, 42, 'Mohamed Oberbrunner', 'Quidem nihil quasi exercitationem ut tempora laboriosam. Suscipit dolor qui quisquam fugit. Pariatur nihil ullam tenetur illo vero consequatur. Natus enim et labore aliquid ut.', 0, '2019-08-29 16:26:49', '2019-08-29 16:26:49'),
(266, 73, 'Prof. Wilhelm Zboncak MD', 'Repudiandae dolor quis temporibus aut aut. Ipsam ut et aut voluptatem qui eius numquam. Error corrupti temporibus a amet voluptate voluptatem. Alias at suscipit reiciendis nisi saepe placeat.', 1, '2019-08-29 16:26:49', '2019-08-29 16:26:49'),
(267, 37, 'Daphne Mitchell', 'In consequatur neque quasi consequatur iste. Explicabo officia deserunt vel et sit molestiae in. Vitae eligendi dolor qui est deserunt ut atque dolorem. Expedita magnam totam quo est quos et enim.', 5, '2019-08-29 16:26:50', '2019-08-29 16:26:50'),
(268, 33, 'Randall Cremin DDS', 'Quos est fugit voluptas magni consequatur non. Explicabo voluptas nihil officiis ut quo ad. Quis maxime assumenda sunt voluptas est sapiente molestias culpa.', 1, '2019-08-29 16:26:50', '2019-08-29 16:26:50'),
(269, 35, 'Ms. Clementina Zemlak DVM', 'Voluptate corrupti recusandae asperiores. Dolore mollitia itaque adipisci molestias quod deserunt maxime. Corporis repellat ipsam nobis enim amet.', 1, '2019-08-29 16:26:50', '2019-08-29 16:26:50'),
(270, 83, 'Leonor Stracke', 'Deserunt ut voluptatibus unde quis amet delectus. Id molestias quae eum rerum et. Accusantium provident voluptatem excepturi error iure fugit et. Sequi explicabo perferendis commodi labore et aut.', 5, '2019-08-29 16:26:50', '2019-08-29 16:26:50'),
(271, 36, 'Ms. Noelia Waters', 'Nobis quasi animi et similique sit quia. Dignissimos iure aspernatur ipsum vel ab et praesentium. Quis quod vitae esse sit et omnis pariatur qui. Sit sint beatae ut facere perferendis magnam dolor.', 2, '2019-08-29 16:26:50', '2019-08-29 16:26:50'),
(272, 33, 'Mr. Bernhard Collins PhD', 'Esse sit rerum facilis veniam. Rem temporibus pariatur aliquid. Temporibus itaque quo voluptates praesentium quam fuga dolorem non. Omnis rerum doloremque magni quo. Praesentium velit consectetur labore ut exercitationem.', 0, '2019-08-29 16:26:50', '2019-08-29 16:26:50'),
(273, 73, 'Aiyana Blanda PhD', 'Velit voluptatem eaque ut earum. Totam in excepturi illo eos eveniet molestias quo. Facilis optio vitae veniam qui.', 1, '2019-08-29 16:26:50', '2019-08-29 16:26:50'),
(274, 6, 'Cydney Bruen', 'Voluptatem vero sequi quia quis quis possimus. Quo et eum quaerat cupiditate. Nihil enim quas voluptatibus consequatur doloribus aut. Iure voluptatibus hic ut aut labore cupiditate non tempora.', 5, '2019-08-29 16:26:50', '2019-08-29 16:26:50'),
(275, 49, 'Jaclyn Leffler', 'Dolorem dolor qui facilis architecto. Omnis dicta cum vero. Repellendus voluptas neque asperiores quasi magnam est. Id perferendis eligendi fugit rerum.', 2, '2019-08-29 16:26:50', '2019-08-29 16:26:50'),
(276, 67, 'Prof. Dereck Schoen', 'Provident voluptas cum sunt et laboriosam adipisci necessitatibus. Provident dolorem iste est amet rerum. Id voluptas nulla sed minima sed. Maxime in pariatur natus voluptas ut non officiis quia.', 2, '2019-08-29 16:26:50', '2019-08-29 16:26:50'),
(277, 4, 'Roel Gorczany', 'Excepturi reprehenderit soluta laborum explicabo optio blanditiis dolor. Ut officiis eius officia aliquam ex consequatur. Quisquam omnis consequatur voluptatem tempore et earum tempora dignissimos.', 1, '2019-08-29 16:26:50', '2019-08-29 16:26:50'),
(278, 88, 'Keagan Boyer', 'Rerum temporibus quos dolorem cumque maiores quisquam. Harum consequatur aut qui. Quia distinctio inventore repudiandae perspiciatis qui suscipit.', 1, '2019-08-29 16:26:50', '2019-08-29 16:26:50'),
(279, 50, 'Delia Durgan V', 'Est voluptatibus officiis sunt ut ad qui perspiciatis. Atque et nihil excepturi non non sunt. Iusto esse dolor dolor.', 4, '2019-08-29 16:26:50', '2019-08-29 16:26:50'),
(280, 38, 'Cassidy Nikolaus DVM', 'Placeat voluptas amet doloremque aut qui nisi dolorem. Sapiente consequatur vel nesciunt dolorem. Ipsam aut quis aut aliquid.', 5, '2019-08-29 16:26:50', '2019-08-29 16:26:50'),
(281, 39, 'Prof. Shannon Crooks', 'Consequatur quibusdam eaque non mollitia. Culpa iste necessitatibus cumque aut.', 5, '2019-08-29 16:26:50', '2019-08-29 16:26:50'),
(282, 25, 'Clifford Wolf', 'Necessitatibus totam error sed recusandae quia. Nihil excepturi expedita aut voluptate sint ut. Veritatis labore quibusdam vel enim sit ea earum. Aperiam quas rerum ut est.', 1, '2019-08-29 16:26:50', '2019-08-29 16:26:50'),
(283, 49, 'Tamara Smitham PhD', 'Porro quis dolores fugiat dolorum. Rerum laboriosam vero voluptas impedit atque voluptate qui. Quia aut voluptatum omnis alias neque dolores sunt et.', 0, '2019-08-29 16:26:50', '2019-08-29 16:26:50'),
(284, 1, 'Silas Zieme I', 'Tenetur ut necessitatibus sed quam eaque excepturi. Dolor ut nemo assumenda ipsum. Laborum laboriosam corporis in ipsa quia. Sint est quos atque minima.', 2, '2019-08-29 16:26:51', '2019-08-29 16:26:51'),
(285, 100, 'Prof. Alexis Shanahan PhD', 'Labore odio aut numquam aut. Provident ad distinctio blanditiis non reprehenderit corporis. Quas accusantium dolore aut.', 3, '2019-08-29 16:26:51', '2019-08-29 16:26:51'),
(286, 81, 'Rodrick Rippin', 'Dolore quisquam et et placeat. Laudantium ut maiores aut rerum non officia vel.', 2, '2019-08-29 16:26:51', '2019-08-29 16:26:51'),
(287, 67, 'Eleanore Mayert', 'Iusto sequi voluptatem ipsa accusamus voluptatem aut ea. Dolorem quia et saepe facilis nostrum officiis aut. Doloremque error dolorem esse delectus voluptate ad.', 0, '2019-08-29 16:26:51', '2019-08-29 16:26:51'),
(288, 8, 'Mrs. Corene Rogahn V', 'Voluptatem sed praesentium eos laudantium doloribus. Dolores inventore voluptate non. Consectetur delectus vitae voluptate et iure qui optio quas. Quis officia recusandae dicta quo iusto sed voluptatibus. Ut deserunt sint aut sint sint id rerum.', 2, '2019-08-29 16:26:51', '2019-08-29 16:26:51'),
(289, 68, 'Camden Hoppe', 'Labore vel repudiandae consequatur fuga incidunt pariatur fugit. Doloremque impedit alias asperiores omnis. Voluptatem non sint pariatur vitae ab. Expedita expedita commodi unde id occaecati et.', 5, '2019-08-29 16:26:51', '2019-08-29 16:26:51'),
(290, 32, 'Danielle Rath', 'Rem odit vel nam unde et cum doloribus. Commodi ut illo minima dolores. Eligendi voluptatum similique veritatis delectus nihil a ab qui.', 3, '2019-08-29 16:26:51', '2019-08-29 16:26:51'),
(291, 14, 'Derek Bogan', 'Ut similique voluptas odit qui incidunt et. Veniam dolores nesciunt sint ipsum est libero sed. Quae aut molestiae ab dolore blanditiis.', 1, '2019-08-29 16:26:51', '2019-08-29 16:26:51'),
(292, 10, 'Mrs. Lora King', 'In soluta dolore autem ipsa et dignissimos. Similique distinctio fugit assumenda sunt perspiciatis consequatur doloribus et. Cumque perferendis optio quasi dolorem.', 2, '2019-08-29 16:26:51', '2019-08-29 16:26:51'),
(293, 89, 'Vada Reynolds', 'In odit in necessitatibus autem ab. Ipsam aut et est aliquam aut. Facere odio suscipit quae laborum.', 2, '2019-08-29 16:26:51', '2019-08-29 16:26:51'),
(294, 8, 'Prof. Marcus Conroy', 'Aut dolor reprehenderit quis nostrum. Rerum voluptatibus est magni. Sint et molestiae ea aspernatur earum illum. Sunt eum dolorem doloribus omnis.', 1, '2019-08-29 16:26:51', '2019-08-29 16:26:51'),
(295, 80, 'Maribel Shields', 'Occaecati quia voluptas rerum quo quae dolorum quam. Perspiciatis non enim mollitia. Perspiciatis ut occaecati molestiae tempore quae.', 0, '2019-08-29 16:26:51', '2019-08-29 16:26:51'),
(296, 83, 'Kattie Lakin IV', 'Beatae dolorum et assumenda voluptas deserunt. Ipsa veniam et autem tempore sed.', 4, '2019-08-29 16:26:51', '2019-08-29 16:26:51'),
(297, 32, 'Helga Bayer', 'Sint ut eaque distinctio exercitationem minus nemo ratione quasi. Ut harum non nostrum sunt. Ipsum ea id aut inventore tenetur et et.', 1, '2019-08-29 16:26:51', '2019-08-29 16:26:51'),
(298, 27, 'Henry Lubowitz III', 'Voluptates voluptas enim mollitia facilis. Quis qui qui adipisci doloribus reiciendis. Earum rerum ducimus nisi rem. Totam cum id voluptatibus id consequatur provident dolore.', 1, '2019-08-29 16:26:51', '2019-08-29 16:26:51'),
(299, 30, 'Candido Heathcote', 'Praesentium suscipit totam doloremque perspiciatis. Neque a optio pariatur.', 0, '2019-08-29 16:26:51', '2019-08-29 16:26:51'),
(300, 58, 'Neal Torp', 'Quo voluptate libero inventore fugit adipisci porro laboriosam eos. Repudiandae blanditiis dignissimos quidem molestiae sapiente tempore molestiae. Quibusdam quo quis eos fugit aperiam vel. Vero consequatur omnis laboriosam aspernatur. Saepe sunt laudantium ad eligendi amet.', 0, '2019-08-29 16:26:52', '2019-08-29 16:26:52');

-- --------------------------------------------------------

--
-- Table structure for table `users`
--

CREATE TABLE `users` (
  `id` bigint(20) UNSIGNED NOT NULL,
  `name` varchar(191) COLLATE utf8mb4_unicode_ci NOT NULL,
  `email` varchar(191) COLLATE utf8mb4_unicode_ci NOT NULL,
  `email_verified_at` timestamp NULL DEFAULT NULL,
  `password` varchar(191) COLLATE utf8mb4_unicode_ci NOT NULL,
  `remember_token` varchar(100) COLLATE utf8mb4_unicode_ci DEFAULT NULL,
  `created_at` timestamp NULL DEFAULT NULL,
  `updated_at` timestamp NULL DEFAULT NULL
) ENGINE=InnoDB DEFAULT CHARSET=utf8mb4 COLLATE=utf8mb4_unicode_ci;

--
-- Indexes for dumped tables
--

--
-- Indexes for table `customers`
--
ALTER TABLE `customers`
  ADD PRIMARY KEY (`id`);

--
-- Indexes for table `migrations`
--
ALTER TABLE `migrations`
  ADD PRIMARY KEY (`id`);

--
-- Indexes for table `password_resets`
--
ALTER TABLE `password_resets`
  ADD KEY `password_resets_email_index` (`email`);

--
-- Indexes for table `posts`
--
ALTER TABLE `posts`
  ADD PRIMARY KEY (`id`);

--
-- Indexes for table `products`
--
ALTER TABLE `products`
  ADD PRIMARY KEY (`id`);

--
-- Indexes for table `reviews`
--
ALTER TABLE `reviews`
  ADD PRIMARY KEY (`id`),
  ADD KEY `reviews_product_id_index` (`product_id`);

--
-- Indexes for table `users`
--
ALTER TABLE `users`
  ADD PRIMARY KEY (`id`),
  ADD UNIQUE KEY `users_email_unique` (`email`);

--
-- AUTO_INCREMENT for dumped tables
--

--
-- AUTO_INCREMENT for table `customers`
--
ALTER TABLE `customers`
  MODIFY `id` bigint(20) UNSIGNED NOT NULL AUTO_INCREMENT;

--
-- AUTO_INCREMENT for table `migrations`
--
ALTER TABLE `migrations`
  MODIFY `id` int(10) UNSIGNED NOT NULL AUTO_INCREMENT, AUTO_INCREMENT=7;

--
-- AUTO_INCREMENT for table `posts`
--
ALTER TABLE `posts`
  MODIFY `id` bigint(20) UNSIGNED NOT NULL AUTO_INCREMENT, AUTO_INCREMENT=3;

--
-- AUTO_INCREMENT for table `products`
--
ALTER TABLE `products`
  MODIFY `id` bigint(20) UNSIGNED NOT NULL AUTO_INCREMENT, AUTO_INCREMENT=101;

--
-- AUTO_INCREMENT for table `reviews`
--
ALTER TABLE `reviews`
  MODIFY `id` bigint(20) UNSIGNED NOT NULL AUTO_INCREMENT, AUTO_INCREMENT=301;

--
-- AUTO_INCREMENT for table `users`
--
ALTER TABLE `users`
  MODIFY `id` bigint(20) UNSIGNED NOT NULL AUTO_INCREMENT;

--
-- Constraints for dumped tables
--

--
-- Constraints for table `reviews`
--
ALTER TABLE `reviews`
  ADD CONSTRAINT `reviews_product_id_foreign` FOREIGN KEY (`product_id`) REFERENCES `products` (`id`) ON DELETE CASCADE;
COMMIT;

/*!40101 SET CHARACTER_SET_CLIENT=@OLD_CHARACTER_SET_CLIENT */;
/*!40101 SET CHARACTER_SET_RESULTS=@OLD_CHARACTER_SET_RESULTS */;
/*!40101 SET COLLATION_CONNECTION=@OLD_COLLATION_CONNECTION */;
